停车场,日期,小时,占用率(%)
1,2024/12/26,18,66.67
1,2024/12/26,19,50
1,2024/12/26,20,50
1,2024/12/26,21,50
1,2024/12/26,22,16.67
1,2024/12/26,23,16.67
1,2024/12/27,0,16.67
1,2024/12/27,1,16.67
1,2024/12/27,2,16.67
1,2024/12/27,3,16.67
1,2024/12/27,4,16.67
1,2024/12/27,5,16.67
1,2024/12/27,6,16.67
1,2024/12/27,7,33.33
1,2024/12/27,8,66.67
1,2024/12/27,9,83.33
1,2024/12/27,10,100
1,2024/12/27,11,100
1,2024/12/27,12,83.33
1,2024/12/27,13,100
1,2024/12/27,14,100
1,2024/12/27,15,100
1,2024/12/27,16,100
1,2024/12/27,17,80
1,2024/12/27,18,60
1,2024/12/27,19,60
1,2024/12/27,20,33.33
1,2024/12/27,21,28.57
1,2024/12/27,22,28.57
1,2024/12/27,23,14.29
1,2024/12/28,0,28.57
1,2024/12/28,1,28.57
1,2024/12/28,2,28.57
1,2024/12/28,3,28.57
1,2024/12/28,4,28.57
1,2024/12/28,5,28.57
1,2024/12/28,6,28.57
1,2024/12/28,7,28.57
1,2024/12/28,8,28.57
1,2024/12/28,9,28.57
1,2024/12/28,10,28.57
1,2024/12/28,11,28.57
1,2024/12/28,12,28.57
1,2024/12/28,13,28.57
1,2024/12/28,14,28.57
1,2024/12/28,15,28.57
1,2024/12/28,16,28.57
1,2024/12/28,17,28.57
1,2024/12/28,18,28.57
1,2024/12/28,19,28.57
1,2024/12/28,20,28.57
1,2024/12/28,21,28.57
1,2024/12/28,22,28.57
1,2024/12/28,23,28.57
1,2024/12/29,0,28.57
1,2024/12/29,1,28.57
1,2024/12/29,2,28.57
1,2024/12/29,3,28.57
1,2024/12/29,4,28.57
1,2024/12/29,5,28.57
1,2024/12/29,6,28.57
1,2024/12/29,7,28.57
1,2024/12/29,8,28.57
1,2024/12/29,9,28.57
1,2024/12/29,10,28.57
1,2024/12/29,11,16.67
1,2024/12/29,12,16.67
1,2024/12/29,13,16.67
1,2024/12/29,14,16.67
1,2024/12/29,15,16.67
1,2024/12/29,16,16.67
1,2024/12/29,17,16.67
1,2024/12/29,18,16.67
1,2024/12/29,19,16.67
1,2024/12/29,20,16.67
1,2024/12/29,21,16.67
1,2024/12/29,22,16.67
1,2024/12/29,23,16.67
1,2024/12/30,0,16.67
1,2024/12/30,1,16.67
1,2024/12/30,2,16.67
1,2024/12/30,3,16.67
1,2024/12/30,4,16.67
1,2024/12/30,5,16.67
1,2024/12/30,6,16.67
1,2024/12/30,7,16.67
1,2024/12/30,8,50
1,2024/12/30,9,66.67
1,2024/12/30,10,100
1,2024/12/30,11,83.33
1,2024/12/30,12,83.33
1,2024/12/30,13,100
1,2024/12/30,14,100
1,2024/12/30,15,100
1,2024/12/30,16,100
1,2024/12/30,17,100
1,2024/12/30,18,83.33
1,2024/12/30,19,83.33
1,2024/12/30,20,66.67
1,2024/12/30,21,50
1,2024/12/30,22,50
1,2024/12/30,23,50
1,2024/12/31,0,50
1,2024/12/31,1,50
1,2024/12/31,2,50
1,2024/12/31,3,50
1,2024/12/31,4,50
1,2024/12/31,5,33.33
1,2024/12/31,6,33.33
1,2024/12/31,7,33.33
1,2024/12/31,8,66.67
1,2024/12/31,9,83.33
1,2024/12/31,10,100
1,2024/12/31,11,100
1,2024/12/31,12,100
1,2024/12/31,13,100
1,2024/12/31,14,100
1,2024/12/31,15,83.33
1,2024/12/31,16,83.33
1,2024/12/31,17,83.33
1,2024/12/31,18,83.33
1,2024/12/31,19,83.33
1,2024/12/31,20,66.67
1,2024/12/31,21,33.33
1,2024/12/31,22,16.67
1,2024/12/31,23,16.67
1,2025/1/1,0,16.67
1,2025/1/1,1,16.67
1,2025/1/1,2,16.67
1,2025/1/1,3,16.67
1,2025/1/1,4,16.67
1,2025/1/1,5,16.67
1,2025/1/1,6,16.67
1,2025/1/1,7,16.67
1,2025/1/1,8,16.67
1,2025/1/1,9,16.67
1,2025/1/1,10,16.67
1,2025/1/1,11,16.67
1,2025/1/1,12,16.67
1,2025/1/1,13,16.67
1,2025/1/1,14,16.67
1,2025/1/1,15,16.67
1,2025/1/1,16,16.67
1,2025/1/1,17,16.67
1,2025/1/1,18,16.67
1,2025/1/1,19,16.67
1,2025/1/1,20,16.67
1,2025/1/1,21,16.67
1,2025/1/1,22,16.67
1,2025/1/1,23,16.67
1,2025/1/2,0,16.67
1,2025/1/2,1,16.67
1,2025/1/2,2,16.67
1,2025/1/2,3,16.67
1,2025/1/2,4,16.67
1,2025/1/2,5,16.67
1,2025/1/2,6,16.67
1,2025/1/2,7,16.67
1,2025/1/2,8,50
1,2025/1/2,9,66.67
1,2025/1/2,10,83.33
1,2025/1/2,11,60
1,2025/1/2,12,80
1,2025/1/2,13,80
1,2025/1/2,14,80
1,2025/1/2,15,80
1,2025/1/2,16,60
1,2025/1/2,17,60
1,2025/1/2,18,60
1,2025/1/2,19,40
1,2025/1/2,20,40
1,2025/1/2,21,50
1,2025/1/2,22,33.33
1,2025/1/2,23,33.33
1,2025/1/3,0,33.33
1,2025/1/3,1,33.33
1,2025/1/3,2,33.33
1,2025/1/3,3,33.33
1,2025/1/3,4,33.33
1,2025/1/3,5,33.33
1,2025/1/3,6,33.33
1,2025/1/3,7,33.33
1,2025/1/3,8,66.67
1,2025/1/3,9,83.33
1,2025/1/3,10,100
1,2025/1/3,11,100
1,2025/1/3,12,83.33
1,2025/1/3,13,83.33
1,2025/1/3,14,83.33
1,2025/1/3,15,83.33
1,2025/1/3,16,83.33
1,2025/1/3,17,83.33
1,2025/1/3,18,66.67
1,2025/1/3,19,66.67
1,2025/1/3,20,50
1,2025/1/3,21,33.33
1,2025/1/3,22,33.33
1,2025/1/3,23,16.67
1,2025/1/4,0,16.67
1,2025/1/4,1,16.67
1,2025/1/4,2,16.67
1,2025/1/4,3,16.67
1,2025/1/4,4,16.67
1,2025/1/4,5,16.67
1,2025/1/4,6,16.67
1,2025/1/4,7,16.67
1,2025/1/4,8,16.67
1,2025/1/4,9,16.67
1,2025/1/4,10,16.67
1,2025/1/4,11,16.67
1,2025/1/4,12,16.67
1,2025/1/4,13,16.67
1,2025/1/4,14,16.67
1,2025/1/4,15,16.67
1,2025/1/4,16,16.67
1,2025/1/4,17,16.67
1,2025/1/4,18,16.67
1,2025/1/4,19,16.67
1,2025/1/4,20,16.67
1,2025/1/4,21,16.67
1,2025/1/4,22,16.67
1,2025/1/4,23,16.67
1,2025/1/5,0,16.67
1,2025/1/5,1,16.67
1,2025/1/5,2,16.67
1,2025/1/5,3,16.67
1,2025/1/5,4,16.67
1,2025/1/5,5,16.67
1,2025/1/5,6,16.67
1,2025/1/5,7,16.67
1,2025/1/5,8,16.67
1,2025/1/5,9,33.33
1,2025/1/5,10,33.33
1,2025/1/5,11,33.33
1,2025/1/5,12,50
1,2025/1/5,13,50
1,2025/1/5,14,50
1,2025/1/5,15,50
1,2025/1/5,16,33.33
1,2025/1/5,17,33.33
1,2025/1/5,18,33.33
1,2025/1/5,19,33.33
1,2025/1/5,20,33.33
1,2025/1/5,21,33.33
1,2025/1/5,22,33.33
1,2025/1/5,23,33.33
1,2025/1/6,0,33.33
1,2025/1/6,1,16.67
1,2025/1/6,2,16.67
1,2025/1/6,3,16.67
1,2025/1/6,4,16.67
1,2025/1/6,5,16.67
1,2025/1/6,6,16.67
1,2025/1/6,7,16.67
1,2025/1/6,8,33.33
1,2025/1/6,9,50
1,2025/1/6,10,66.67
1,2025/1/6,11,66.67
1,2025/1/6,12,80
1,2025/1/6,13,80
1,2025/1/6,14,80
1,2025/1/6,15,80
1,2025/1/6,16,80
1,2025/1/6,17,83.33
1,2025/1/6,18,85.71
1,2025/1/6,19,71.43
1,2025/1/6,20,71.43
1,2025/1/6,21,42.86
1,2025/1/6,22,42.86
1,2025/1/6,23,14.29
1,2025/1/7,0,14.29
1,2025/1/7,1,14.29
1,2025/1/7,2,14.29
1,2025/1/7,3,14.29
1,2025/1/7,4,14.29
1,2025/1/7,5,14.29
1,2025/1/7,6,14.29
1,2025/1/7,7,14.29
1,2025/1/7,8,28.57
1,2025/1/7,9,42.86
1,2025/1/7,10,57.14
1,2025/1/7,11,57.14
1,2025/1/7,12,57.14
1,2025/1/7,13,57.14
1,2025/1/7,14,57.14
1,2025/1/7,15,57.14
1,2025/1/7,16,71.43
1,2025/1/7,17,71.43
1,2025/1/7,18,57.14
1,2025/1/7,19,57.14
1,2025/1/7,20,57.14
1,2025/1/7,21,42.86
1,2025/1/7,22,14.29
1,2025/1/7,23,14.29
1,2025/1/8,0,14.29
1,2025/1/8,1,14.29
1,2025/1/8,2,14.29
1,2025/1/8,3,14.29
1,2025/1/8,4,14.29
1,2025/1/8,5,14.29
1,2025/1/8,6,14.29
1,2025/1/8,7,14.29
1,2025/1/8,8,71.43
1,2025/1/8,9,85.71
1,2025/1/8,10,85.71
1,2025/1/8,11,100
1,2025/1/8,12,100
1,2025/1/8,13,100
1,2025/1/8,14,85.71
1,2025/1/8,15,85.71
1,2025/1/8,16,85.71
1,2025/1/8,17,100
1,2025/1/8,18,85.71
1,2025/1/8,19,71.43
1,2025/1/8,20,57.14
1,2025/1/8,21,42.86
1,2025/1/8,22,28.57
1,2025/1/8,23,28.57
1,2025/1/9,0,14.29
1,2025/1/9,1,14.29
1,2025/1/9,2,14.29
1,2025/1/9,3,14.29
1,2025/1/9,4,14.29
1,2025/1/9,5,14.29
1,2025/1/9,6,14.29
1,2025/1/9,7,14.29
1,2025/1/9,8,71.43
1,2025/1/9,9,85.71
1,2025/1/9,10,100
1,2025/1/9,11,100
1,2025/1/9,12,100
1,2025/1/9,13,85.71
1,2025/1/9,14,85.71
1,2025/1/9,15,100
1,2025/1/9,16,100
1,2025/1/9,17,71.43
1,2025/1/9,18,71.43
1,2025/1/9,19,71.43
1,2025/1/9,20,42.86
1,2025/1/9,21,42.86
1,2025/1/9,22,14.29
1,2025/1/9,23,14.29
1,2025/1/10,0,14.29
1,2025/1/10,1,14.29
1,2025/1/10,2,14.29
1,2025/1/10,3,14.29
1,2025/1/10,4,14.29
1,2025/1/10,5,14.29
1,2025/1/10,6,14.29
1,2025/1/10,7,28.57
1,2025/1/10,8,57.14
1,2025/1/10,9,85.71
1,2025/1/10,10,85.71
1,2025/1/10,11,85.71
1,2025/1/10,12,85.71
1,2025/1/10,13,85.71
1,2025/1/10,14,57.14
1,2025/1/10,15,57.14
1,2025/1/10,16,57.14
1,2025/1/10,17,57.14
1,2025/1/10,18,57.14
1,2025/1/10,19,57.14
1,2025/1/10,20,28.57
1,2025/1/10,21,28.57
1,2025/1/10,22,14.29
1,2025/1/10,23,14.29
1,2025/1/11,0,14.29
1,2025/1/11,1,14.29
1,2025/1/11,2,14.29
1,2025/1/11,3,14.29
1,2025/1/11,4,14.29
1,2025/1/11,5,14.29
1,2025/1/11,6,14.29
1,2025/1/11,7,14.29
1,2025/1/11,8,14.29
1,2025/1/11,9,14.29
1,2025/1/11,10,14.29
1,2025/1/11,11,28.57
1,2025/1/11,12,28.57
1,2025/1/11,13,28.57
1,2025/1/11,14,28.57
1,2025/1/11,15,28.57
1,2025/1/11,16,28.57
1,2025/1/11,17,14.29
1,2025/1/11,18,14.29
1,2025/1/11,19,14.29
1,2025/1/11,20,14.29
1,2025/1/11,21,14.29
1,2025/1/11,22,14.29
1,2025/1/11,23,14.29
1,2025/1/12,0,14.29
1,2025/1/12,1,14.29
1,2025/1/12,2,14.29
1,2025/1/12,3,14.29
1,2025/1/12,4,14.29
1,2025/1/12,5,14.29
1,2025/1/12,6,14.29
1,2025/1/12,7,14.29
1,2025/1/12,8,14.29
1,2025/1/12,9,14.29
1,2025/1/12,10,14.29
1,2025/1/12,11,14.29
1,2025/1/12,12,14.29
1,2025/1/12,13,14.29
1,2025/1/12,14,14.29
1,2025/1/12,15,14.29
1,2025/1/12,16,14.29
1,2025/1/12,17,14.29
1,2025/1/12,18,14.29
1,2025/1/12,19,14.29
1,2025/1/12,20,14.29
1,2025/1/12,21,14.29
1,2025/1/12,22,14.29
1,2025/1/12,23,14.29
1,2025/1/13,0,14.29
1,2025/1/13,1,14.29
1,2025/1/13,2,14.29
1,2025/1/13,3,14.29
1,2025/1/13,4,14.29
1,2025/1/13,5,14.29
1,2025/1/13,6,14.29
1,2025/1/13,7,14.29
1,2025/1/13,8,42.86
1,2025/1/13,9,71.43
1,2025/1/13,10,71.43
1,2025/1/13,11,85.71
1,2025/1/13,12,85.71
1,2025/1/13,13,85.71
1,2025/1/13,14,85.71
1,2025/1/13,15,85.71
1,2025/1/13,16,85.71
1,2025/1/13,17,71.43
1,2025/1/13,18,71.43
1,2025/1/13,19,57.14
1,2025/1/13,20,57.14
1,2025/1/13,21,57.14
1,2025/1/13,22,42.86
1,2025/1/13,23,28.57
1,2025/1/14,0,14.29
1,2025/1/14,1,14.29
1,2025/1/14,2,14.29
1,2025/1/14,3,14.29
1,2025/1/14,4,14.29
1,2025/1/14,5,14.29
1,2025/1/14,6,14.29
1,2025/1/14,7,28.57
1,2025/1/14,8,50
1,2025/1/14,9,71.43
1,2025/1/14,10,71.43
1,2025/1/14,11,85.71
1,2025/1/14,12,85.71
1,2025/1/14,13,71.43
1,2025/1/14,14,42.86
1,2025/1/14,15,42.86
1,2025/1/14,16,57.14
1,2025/1/14,17,42.86
1,2025/1/14,18,57.14
1,2025/1/14,19,57.14
1,2025/1/14,20,57.14
1,2025/1/14,21,62.5
1,2025/1/14,22,25
1,2025/1/14,23,25
1,2025/1/15,0,25
1,2025/1/15,1,25
1,2025/1/15,2,25
1,2025/1/15,3,25
1,2025/1/15,4,25
1,2025/1/15,5,25
1,2025/1/15,6,25
1,2025/1/15,7,25
1,2025/1/15,8,42.86
1,2025/1/15,9,42.86
1,2025/1/15,10,57.14
1,2025/1/15,11,71.43
1,2025/1/15,12,57.14
1,2025/1/15,13,57.14
1,2025/1/15,14,71.43
1,2025/1/15,15,71.43
1,2025/1/15,16,71.43
1,2025/1/15,17,57.14
1,2025/1/15,18,42.86
1,2025/1/15,19,42.86
1,2025/1/15,20,28.57
1,2025/1/15,21,14.29
1,2025/1/15,22,14.29
1,2025/1/15,23,14.29
1,2025/1/16,0,14.29
1,2025/1/16,1,14.29
1,2025/1/16,2,14.29
1,2025/1/16,3,14.29
1,2025/1/16,4,14.29
1,2025/1/16,5,14.29
1,2025/1/16,6,14.29
1,2025/1/16,7,14.29
1,2025/1/16,8,42.86
1,2025/1/16,9,57.14
1,2025/1/16,10,71.43
1,2025/1/16,11,75
1,2025/1/16,12,75
1,2025/1/16,13,85.71
1,2025/1/16,14,85.71
1,2025/1/16,15,83.33
1,2025/1/16,16,71.43
1,2025/1/16,17,57.14
1,2025/1/16,18,57.14
1,2025/1/16,19,57.14
1,2025/1/16,20,50
1,2025/1/16,21,37.5
1,2025/1/16,22,37.5
1,2025/1/16,23,37.5
1,2025/1/17,0,25
1,2025/1/17,1,25
1,2025/1/17,2,25
1,2025/1/17,3,25
1,2025/1/17,4,25
1,2025/1/17,5,25
1,2025/1/17,6,25
1,2025/1/17,7,37.5
1,2025/1/17,8,75
1,2025/1/17,9,57.14
1,2025/1/17,10,71.43
1,2025/1/17,11,85.71
1,2025/1/17,12,85.71
1,2025/1/17,13,85.71
1,2025/1/17,14,85.71
1,2025/1/17,15,85.71
1,2025/1/17,16,85.71
1,2025/1/17,17,85.71
1,2025/1/17,18,71.43
1,2025/1/17,19,57.14
1,2025/1/17,20,57.14
1,2025/1/17,21,42.86
1,2025/1/17,22,28.57
1,2025/1/17,23,28.57
1,2025/1/18,0,28.57
1,2025/1/18,1,14.29
1,2025/1/18,2,14.29
1,2025/1/18,3,14.29
1,2025/1/18,4,25
1,2025/1/18,5,25
1,2025/1/18,6,25
1,2025/1/18,7,37.5
1,2025/1/18,8,37.5
1,2025/1/18,9,50
1,2025/1/18,10,62.5
1,2025/1/18,11,50
1,2025/1/18,12,42.86
1,2025/1/18,13,37.5
1,2025/1/18,14,28.57
1,2025/1/18,15,28.57
1,2025/1/18,16,28.57
1,2025/1/18,17,28.57
1,2025/1/18,18,28.57
1,2025/1/18,19,28.57
1,2025/1/18,20,28.57
1,2025/1/18,21,14.29
1,2025/1/18,22,14.29
1,2025/1/18,23,14.29
1,2025/1/19,0,14.29
1,2025/1/19,1,14.29
1,2025/1/19,2,14.29
1,2025/1/19,3,14.29
1,2025/1/19,4,14.29
1,2025/1/19,5,14.29
1,2025/1/19,6,14.29
1,2025/1/19,7,14.29
1,2025/1/19,8,14.29
1,2025/1/19,9,14.29
1,2025/1/19,10,14.29
1,2025/1/19,11,14.29
1,2025/1/19,12,14.29
1,2025/1/19,13,28.57
1,2025/1/19,14,14.29
1,2025/1/19,15,14.29
1,2025/1/19,16,25
1,2025/1/19,17,14.29
1,2025/1/19,18,14.29
1,2025/1/19,19,14.29
1,2025/1/19,20,14.29
1,2025/1/19,21,14.29
1,2025/1/19,22,14.29
1,2025/1/19,23,14.29
1,2025/1/20,0,14.29
1,2025/1/20,1,14.29
1,2025/1/20,2,14.29
1,2025/1/20,3,14.29
1,2025/1/20,4,14.29
1,2025/1/20,5,14.29
1,2025/1/20,6,14.29
1,2025/1/20,7,14.29
1,2025/1/20,8,57.14
1,2025/1/20,9,85.71
1,2025/1/20,10,85.71
1,2025/1/20,11,100
1,2025/1/20,12,85.71
1,2025/1/20,13,85.71
1,2025/1/20,14,85.71
1,2025/1/20,15,71.43
1,2025/1/20,16,71.43
1,2025/1/20,17,71.43
1,2025/1/20,18,71.43
1,2025/1/20,19,57.14
1,2025/1/20,20,42.86
1,2025/1/20,21,28.57
1,2025/1/20,22,14.29
1,2025/1/20,23,14.29
1,2025/1/21,0,14.29
1,2025/1/21,1,14.29
1,2025/1/21,2,14.29
1,2025/1/21,3,14.29
1,2025/1/21,4,14.29
1,2025/1/21,5,14.29
1,2025/1/21,6,14.29
1,2025/1/21,7,14.29
1,2025/1/21,8,42.86
1,2025/1/21,9,71.43
1,2025/1/21,10,42.86
1,2025/1/21,11,42.86
1,2025/1/21,12,57.14
1,2025/1/21,13,71.43
1,2025/1/21,14,71.43
1,2025/1/21,15,42.86
1,2025/1/21,16,28.57
1,2025/1/21,17,42.86
1,2025/1/21,18,42.86
1,2025/1/21,19,42.86
1,2025/1/21,20,42.86
1,2025/1/21,21,28.57
1,2025/1/21,22,14.29
1,2025/1/21,23,14.29
1,2025/1/22,0,14.29
1,2025/1/22,1,14.29
1,2025/1/22,2,14.29
1,2025/1/22,3,14.29
1,2025/1/22,4,14.29
1,2025/1/22,5,14.29
1,2025/1/22,6,14.29
1,2025/1/22,7,14.29
1,2025/1/22,8,42.86
1,2025/1/22,9,57.14
1,2025/1/22,10,57.14
1,2025/1/22,11,57.14
1,2025/1/22,12,57.14
1,2025/1/22,13,57.14
1,2025/1/22,14,71.43
1,2025/1/22,15,71.43
1,2025/1/22,16,71.43
1,2025/1/22,17,57.14
1,2025/1/22,18,57.14
1,2025/1/22,19,50
1,2025/1/22,20,50
1,2025/1/22,21,37.5
1,2025/1/22,22,25
1,2025/1/22,23,25
1,2025/1/23,0,25
1,2025/1/23,1,25
1,2025/1/23,2,25
1,2025/1/23,3,25
1,2025/1/23,4,25
1,2025/1/23,5,25
1,2025/1/23,6,25
1,2025/1/23,7,25
1,2025/1/23,8,50
1,2025/1/23,9,42.86
1,2025/1/23,10,62.5
1,2025/1/23,11,62.5
1,2025/1/23,12,62.5
1,2025/1/23,13,57.14
1,2025/1/23,14,57.14
1,2025/1/23,15,42.86
1,2025/1/23,16,42.86
1,2025/1/23,17,57.14
1,2025/1/23,18,42.86
1,2025/1/23,19,28.57
1,2025/1/23,20,14.29
1,2025/1/23,21,14.29
1,2025/1/23,22,14.29
1,2025/1/23,23,14.29
1,2025/1/24,0,14.29
1,2025/1/24,1,14.29
1,2025/1/24,2,14.29
1,2025/1/24,3,14.29
1,2025/1/24,4,14.29
1,2025/1/24,5,14.29
1,2025/1/24,6,14.29
1,2025/1/24,7,28.57
1,2025/1/24,8,57.14
1,2025/1/24,9,71.43
1,2025/1/24,10,71.43
1,2025/1/24,11,71.43
1,2025/1/24,12,85.71
1,2025/1/24,13,85.71
1,2025/1/24,14,85.71
1,2025/1/24,15,85.71
1,2025/1/24,16,85.71
1,2025/1/24,17,71.43
1,2025/1/24,18,57.14
1,2025/1/24,19,57.14
1,2025/1/24,20,28.57
1,2025/1/24,21,28.57
1,2025/1/24,22,14.29
1,2025/1/24,23,14.29
1,2025/1/25,0,14.29
1,2025/1/25,1,14.29
1,2025/1/25,2,14.29
1,2025/1/25,3,14.29
1,2025/1/25,4,14.29
1,2025/1/25,5,14.29
1,2025/1/25,6,14.29
1,2025/1/25,7,28.57
1,2025/1/25,8,28.57
1,2025/1/25,9,28.57
1,2025/1/25,10,42.86
1,2025/1/25,11,42.86
1,2025/1/25,12,16.67
1,2025/1/25,13,16.67
1,2025/1/25,14,33.33
1,2025/1/25,15,33.33
1,2025/1/25,16,33.33
1,2025/1/25,17,50
1,2025/1/25,18,50
1,2025/1/25,19,50
1,2025/1/25,20,57.14
1,2025/1/25,21,42.86
1,2025/1/25,22,42.86
1,2025/1/25,23,14.29
1,2025/1/26,0,14.29
1,2025/1/26,1,14.29
1,2025/1/26,2,14.29
1,2025/1/26,3,14.29
1,2025/1/26,4,14.29
1,2025/1/26,5,14.29
1,2025/1/26,6,14.29
1,2025/1/26,7,14.29
1,2025/1/26,8,14.29
1,2025/1/26,9,14.29
1,2025/1/26,10,14.29
1,2025/1/26,11,14.29
1,2025/1/26,12,14.29
1,2025/1/26,13,14.29
1,2025/1/26,14,14.29
1,2025/1/26,15,14.29
1,2025/1/26,16,14.29
1,2025/1/26,17,14.29
1,2025/1/26,18,14.29
1,2025/1/26,19,14.29
1,2025/1/26,20,14.29
1,2025/1/26,21,14.29
1,2025/1/26,22,14.29
1,2025/1/26,23,14.29
1,2025/1/27,0,14.29
1,2025/1/27,1,14.29
1,2025/1/27,2,14.29
1,2025/1/27,3,14.29
1,2025/1/27,4,14.29
1,2025/1/27,5,14.29
1,2025/1/27,6,14.29
1,2025/1/27,7,14.29
1,2025/1/27,8,14.29
1,2025/1/27,9,14.29
1,2025/1/27,10,14.29
1,2025/1/27,11,14.29
1,2025/1/27,12,14.29
1,2025/1/27,13,14.29
1,2025/1/27,14,14.29
1,2025/1/27,15,14.29
1,2025/1/27,16,14.29
1,2025/1/27,17,14.29
1,2025/1/27,18,14.29
1,2025/1/27,19,14.29
1,2025/1/27,20,14.29
1,2025/1/27,21,14.29
1,2025/1/27,22,14.29
1,2025/1/27,23,14.29
1,2025/1/28,0,14.29
1,2025/1/28,1,14.29
1,2025/1/28,2,14.29
1,2025/1/28,3,14.29
1,2025/1/28,4,14.29
1,2025/1/28,5,14.29
1,2025/1/28,6,14.29
1,2025/1/28,7,14.29
1,2025/1/28,8,14.29
1,2025/1/28,9,14.29
1,2025/1/28,10,14.29
1,2025/1/28,11,14.29
1,2025/1/28,12,14.29
1,2025/1/28,13,14.29
1,2025/1/28,14,14.29
1,2025/1/28,15,14.29
1,2025/1/28,16,14.29
1,2025/1/28,17,14.29
1,2025/1/28,18,14.29
1,2025/1/28,19,14.29
1,2025/1/28,20,14.29
1,2025/1/28,21,14.29
1,2025/1/28,22,14.29
1,2025/1/28,23,14.29
1,2025/1/29,0,14.29
1,2025/1/29,1,14.29
1,2025/1/29,2,14.29
1,2025/1/29,3,14.29
1,2025/1/29,4,14.29
1,2025/1/29,5,14.29
1,2025/1/29,6,14.29
1,2025/1/29,7,14.29
1,2025/1/29,8,14.29
1,2025/1/29,9,14.29
1,2025/1/29,10,14.29
1,2025/1/29,11,14.29
1,2025/1/29,12,14.29
1,2025/1/29,13,14.29
1,2025/1/29,14,14.29
1,2025/1/29,15,14.29
1,2025/1/29,16,14.29
1,2025/1/29,17,14.29
1,2025/1/29,18,14.29
1,2025/1/29,19,14.29
1,2025/1/29,20,14.29
1,2025/1/29,21,14.29
1,2025/1/29,22,14.29
1,2025/1/29,23,14.29
1,2025/1/30,0,14.29
1,2025/1/30,1,14.29
1,2025/1/30,2,14.29
1,2025/1/30,3,14.29
1,2025/1/30,4,14.29
1,2025/1/30,5,14.29
1,2025/1/30,6,14.29
1,2025/1/30,7,14.29
1,2025/1/30,8,14.29
1,2025/1/30,9,14.29
1,2025/1/30,10,14.29
1,2025/1/30,11,14.29
1,2025/1/30,12,14.29
1,2025/1/30,13,14.29
1,2025/1/30,14,14.29
1,2025/1/30,15,14.29
1,2025/1/30,16,14.29
1,2025/1/30,17,14.29
1,2025/1/30,18,14.29
1,2025/1/30,19,14.29
1,2025/1/30,20,14.29
1,2025/1/30,21,14.29
1,2025/1/30,22,14.29
1,2025/1/30,23,14.29
1,2025/1/31,0,14.29
1,2025/1/31,1,14.29
1,2025/1/31,2,14.29
1,2025/1/31,3,14.29
1,2025/1/31,4,14.29
1,2025/1/31,5,14.29
1,2025/1/31,6,14.29
1,2025/1/31,7,14.29
1,2025/1/31,8,14.29
1,2025/1/31,9,14.29
1,2025/1/31,10,14.29
1,2025/1/31,11,14.29
1,2025/1/31,12,14.29
1,2025/1/31,13,14.29
1,2025/1/31,14,14.29
1,2025/1/31,15,14.29
1,2025/1/31,16,14.29
1,2025/1/31,17,14.29
1,2025/1/31,18,14.29
1,2025/1/31,19,14.29
1,2025/1/31,20,0
1,2025/1/31,21,12.5
1,2025/1/31,22,0
1,2025/1/31,23,12.5
1,2025/2/1,0,0
1,2025/2/1,1,0
1,2025/2/1,2,0
1,2025/2/1,3,0
1,2025/2/1,4,0
1,2025/2/1,5,0
1,2025/2/1,6,0
1,2025/2/1,7,0
1,2025/2/1,8,0
1,2025/2/1,9,0
1,2025/2/1,10,0
1,2025/2/1,11,0
1,2025/2/1,12,0
1,2025/2/1,13,0
1,2025/2/1,14,0
1,2025/2/1,15,0
1,2025/2/1,16,0
1,2025/2/1,17,12.5
1,2025/2/1,18,12.5
1,2025/2/1,19,12.5
1,2025/2/1,20,0
1,2025/2/1,21,0
1,2025/2/1,22,0
1,2025/2/1,23,0
1,2025/2/2,0,0
1,2025/2/2,1,0
1,2025/2/2,2,0
1,2025/2/2,3,0
1,2025/2/2,4,0
1,2025/2/2,5,0
1,2025/2/2,6,0
1,2025/2/2,7,0
1,2025/2/2,8,0
1,2025/2/2,9,0
1,2025/2/2,10,0
1,2025/2/2,11,0
1,2025/2/2,12,12.5
1,2025/2/2,13,12.5
1,2025/2/2,14,12.5
1,2025/2/2,15,12.5
1,2025/2/2,16,12.5
1,2025/2/2,17,12.5
1,2025/2/2,18,12.5
1,2025/2/2,19,12.5
1,2025/2/2,20,12.5
1,2025/2/2,21,12.5
1,2025/2/2,22,12.5
1,2025/2/2,23,12.5
1,2025/2/3,0,12.5
1,2025/2/3,1,12.5
1,2025/2/3,2,12.5
1,2025/2/3,3,12.5
1,2025/2/3,4,12.5
1,2025/2/3,5,12.5
1,2025/2/3,6,12.5
1,2025/2/3,7,12.5
1,2025/2/3,8,12.5
1,2025/2/3,9,12.5
1,2025/2/3,10,12.5
1,2025/2/3,11,12.5
1,2025/2/3,12,12.5
1,2025/2/3,13,12.5
1,2025/2/3,14,12.5
1,2025/2/3,15,0
1,2025/2/3,16,0
1,2025/2/3,17,0
1,2025/2/3,18,12.5
1,2025/2/3,19,0
1,2025/2/3,20,0
1,2025/2/3,21,0
1,2025/2/3,22,0
1,2025/2/3,23,0
1,2025/2/4,0,0
1,2025/2/4,1,0
1,2025/2/4,2,0
1,2025/2/4,3,0
1,2025/2/4,4,0
1,2025/2/4,5,0
1,2025/2/4,6,0
1,2025/2/4,7,0
1,2025/2/4,8,0
1,2025/2/4,9,0
1,2025/2/4,10,0
1,2025/2/4,11,0
1,2025/2/4,12,0
1,2025/2/4,13,0
1,2025/2/4,14,0
1,2025/2/4,15,0
1,2025/2/4,16,0
1,2025/2/4,17,0
1,2025/2/4,18,0
1,2025/2/4,19,0
1,2025/2/4,20,14.29
1,2025/2/4,21,0
1,2025/2/4,22,0
1,2025/2/4,23,0
1,2025/2/5,0,0
1,2025/2/5,1,0
1,2025/2/5,2,0
1,2025/2/5,3,0
1,2025/2/5,4,0
1,2025/2/5,5,0
1,2025/2/5,6,12.5
1,2025/2/5,7,12.5
1,2025/2/5,8,28.57
1,2025/2/5,9,28.57
1,2025/2/5,10,28.57
1,2025/2/5,11,28.57
1,2025/2/5,12,28.57
1,2025/2/5,13,28.57
1,2025/2/5,14,37.5
1,2025/2/5,15,28.57
1,2025/2/5,16,37.5
1,2025/2/5,17,42.86
1,2025/2/5,18,33.33
1,2025/2/5,19,42.86
1,2025/2/5,20,50
1,2025/2/5,21,37.5
1,2025/2/5,22,14.29
1,2025/2/5,23,14.29
1,2025/2/6,0,25
1,2025/2/6,1,14.29
1,2025/2/6,2,14.29
1,2025/2/6,3,14.29
1,2025/2/6,4,14.29
1,2025/2/6,5,14.29
1,2025/2/6,6,14.29
1,2025/2/6,7,14.29
1,2025/2/6,8,14.29
1,2025/2/6,9,57.14
1,2025/2/6,10,57.14
1,2025/2/6,11,57.14
1,2025/2/6,12,50
1,2025/2/6,13,50
1,2025/2/6,14,50
1,2025/2/6,15,50
1,2025/2/6,16,50
1,2025/2/6,17,33.33
1,2025/2/6,18,42.86
1,2025/2/6,19,42.86
1,2025/2/6,20,42.86
1,2025/2/6,21,14.29
1,2025/2/6,22,14.29
1,2025/2/6,23,14.29
1,2025/2/7,0,14.29
1,2025/2/7,1,14.29
1,2025/2/7,2,14.29
1,2025/2/7,3,14.29
1,2025/2/7,4,14.29
1,2025/2/7,5,14.29
1,2025/2/7,6,14.29
1,2025/2/7,7,14.29
1,2025/2/7,8,14.29
1,2025/2/7,9,28.57
1,2025/2/7,10,28.57
1,2025/2/7,11,42.86
1,2025/2/7,12,33.33
1,2025/2/7,13,33.33
1,2025/2/7,14,42.86
1,2025/2/7,15,14.29
1,2025/2/7,16,16.67
1,2025/2/7,17,16.67
1,2025/2/7,18,33.33
1,2025/2/7,19,33.33
1,2025/2/7,20,42.86
1,2025/2/7,21,50
1,2025/2/7,22,37.5
1,2025/2/7,23,25
1,2025/2/8,0,25
1,2025/2/8,1,14.29
1,2025/2/8,2,14.29
1,2025/2/8,3,14.29
1,2025/2/8,4,14.29
1,2025/2/8,5,14.29
1,2025/2/8,6,14.29
1,2025/2/8,7,14.29
1,2025/2/8,8,37.5
1,2025/2/8,9,37.5
1,2025/2/8,10,28.57
1,2025/2/8,11,28.57
1,2025/2/8,12,28.57
1,2025/2/8,13,57.14
1,2025/2/8,14,57.14
1,2025/2/8,15,57.14
1,2025/2/8,16,57.14
1,2025/2/8,17,42.86
1,2025/2/8,18,28.57
1,2025/2/8,19,28.57
1,2025/2/8,20,28.57
1,2025/2/8,21,28.57
1,2025/2/8,22,14.29
1,2025/2/8,23,14.29
1,2025/2/9,0,25
1,2025/2/9,1,14.29
1,2025/2/9,2,14.29
1,2025/2/9,3,14.29
1,2025/2/9,4,14.29
1,2025/2/9,5,14.29
1,2025/2/9,6,14.29
1,2025/2/9,7,25
1,2025/2/9,8,14.29
1,2025/2/9,9,14.29
1,2025/2/9,10,14.29
1,2025/2/9,11,14.29
1,2025/2/9,12,25
1,2025/2/9,13,25
1,2025/2/9,14,25
1,2025/2/9,15,25
1,2025/2/9,16,25
1,2025/2/9,17,25
1,2025/2/9,18,25
1,2025/2/9,19,14.29
1,2025/2/9,20,14.29
1,2025/2/9,21,14.29
1,2025/2/9,22,14.29
1,2025/2/9,23,14.29
1,2025/2/10,0,14.29
1,2025/2/10,1,14.29
1,2025/2/10,2,14.29
1,2025/2/10,3,14.29
1,2025/2/10,4,14.29
1,2025/2/10,5,14.29
1,2025/2/10,6,14.29
1,2025/2/10,7,14.29
1,2025/2/10,8,42.86
1,2025/2/10,9,42.86
1,2025/2/10,10,57.14
1,2025/2/10,11,62.5
1,2025/2/10,12,62.5
1,2025/2/10,13,62.5
1,2025/2/10,14,62.5
1,2025/2/10,15,62.5
1,2025/2/10,16,50
1,2025/2/10,17,50
1,2025/2/10,18,37.5
1,2025/2/10,19,25
1,2025/2/10,20,25
1,2025/2/10,21,12.5
1,2025/2/10,22,12.5
1,2025/2/10,23,12.5
1,2025/2/11,0,12.5
1,2025/2/11,1,12.5
1,2025/2/11,2,12.5
1,2025/2/11,3,12.5
1,2025/2/11,4,12.5
1,2025/2/11,5,12.5
1,2025/2/11,6,12.5
1,2025/2/11,7,25
1,2025/2/11,8,37.5
1,2025/2/11,9,42.86
1,2025/2/11,10,66.67
1,2025/2/11,11,66.67
1,2025/2/11,12,66.67
1,2025/2/11,13,66.67
1,2025/2/11,14,66.67
1,2025/2/11,15,66.67
1,2025/2/11,16,50
1,2025/2/11,17,42.86
1,2025/2/11,18,42.86
1,2025/2/11,19,50
1,2025/2/11,20,25
1,2025/2/11,21,25
1,2025/2/11,22,25
1,2025/2/11,23,25
1,2025/2/12,0,25
1,2025/2/12,1,25
1,2025/2/12,2,25
1,2025/2/12,3,25
1,2025/2/12,4,25
1,2025/2/12,5,25
1,2025/2/12,6,25
1,2025/2/12,7,37.5
1,2025/2/12,8,37.5
1,2025/2/12,9,28.57
1,2025/2/12,10,42.86
1,2025/2/12,11,57.14
1,2025/2/12,12,50
1,2025/2/12,13,50
1,2025/2/12,14,57.14
1,2025/2/12,15,57.14
1,2025/2/12,16,57.14
1,2025/2/12,17,14.29
1,2025/2/12,18,14.29
1,2025/2/12,19,28.57
1,2025/2/12,20,28.57
1,2025/2/12,21,37.5
1,2025/2/12,22,25
1,2025/2/12,23,25
1,2025/2/13,0,25
1,2025/2/13,1,25
1,2025/2/13,2,25
1,2025/2/13,3,25
1,2025/2/13,4,25
1,2025/2/13,5,25
1,2025/2/13,6,14.29
1,2025/2/13,7,14.29
1,2025/2/13,8,57.14
1,2025/2/13,9,75
1,2025/2/13,10,87.5
1,2025/2/13,11,87.5
1,2025/2/13,12,85.71
1,2025/2/13,13,85.71
1,2025/2/13,14,85.71
1,2025/2/13,15,71.43
1,2025/2/13,16,57.14
1,2025/2/13,17,57.14
1,2025/2/13,18,57.14
1,2025/2/13,19,42.86
1,2025/2/13,20,28.57
1,2025/2/13,21,28.57
1,2025/2/13,22,14.29
1,2025/2/13,23,14.29
1,2025/2/14,0,14.29
1,2025/2/14,1,14.29
1,2025/2/14,2,14.29
1,2025/2/14,3,14.29
1,2025/2/14,4,14.29
1,2025/2/14,5,14.29
1,2025/2/14,6,14.29
1,2025/2/14,7,14.29
1,2025/2/14,8,57.14
1,2025/2/14,9,71.43
1,2025/2/14,10,85.71
1,2025/2/14,11,83.33
1,2025/2/14,12,83.33
1,2025/2/14,13,83.33
1,2025/2/14,14,83.33
1,2025/2/14,15,83.33
1,2025/2/14,16,83.33
1,2025/2/14,17,66.67
1,2025/2/14,18,50
1,2025/2/14,19,33.33
1,2025/2/14,20,28.57
1,2025/2/14,21,14.29
1,2025/2/14,22,14.29
1,2025/2/14,23,14.29
1,2025/2/15,0,14.29
1,2025/2/15,1,14.29
1,2025/2/15,2,14.29
1,2025/2/15,3,14.29
1,2025/2/15,4,14.29
1,2025/2/15,5,14.29
1,2025/2/15,6,14.29
1,2025/2/15,7,14.29
1,2025/2/15,8,28.57
1,2025/2/15,9,28.57
1,2025/2/15,10,28.57
1,2025/2/15,11,28.57
1,2025/2/15,12,28.57
1,2025/2/15,13,28.57
1,2025/2/15,14,28.57
1,2025/2/15,15,28.57
1,2025/2/15,16,28.57
1,2025/2/15,17,28.57
1,2025/2/15,18,28.57
1,2025/2/15,19,14.29
1,2025/2/15,20,14.29
1,2025/2/15,21,14.29
1,2025/2/15,22,14.29
1,2025/2/15,23,14.29
1,2025/2/16,0,14.29
1,2025/2/16,1,14.29
1,2025/2/16,2,14.29
1,2025/2/16,3,14.29
1,2025/2/16,4,14.29
1,2025/2/16,5,14.29
1,2025/2/16,6,14.29
1,2025/2/16,7,14.29
1,2025/2/16,8,14.29
1,2025/2/16,9,14.29
1,2025/2/16,10,14.29
1,2025/2/16,11,14.29
1,2025/2/16,12,14.29
1,2025/2/16,13,14.29
1,2025/2/16,14,14.29
1,2025/2/16,15,14.29
1,2025/2/16,16,14.29
1,2025/2/16,17,14.29
1,2025/2/16,18,14.29
1,2025/2/16,19,14.29
1,2025/2/16,20,14.29
1,2025/2/16,21,14.29
1,2025/2/16,22,14.29
1,2025/2/16,23,14.29
1,2025/2/17,0,14.29
1,2025/2/17,1,14.29
1,2025/2/17,2,14.29
1,2025/2/17,3,14.29
1,2025/2/17,4,14.29
1,2025/2/17,5,14.29
1,2025/2/17,6,14.29
1,2025/2/17,7,14.29
1,2025/2/17,8,57.14
1,2025/2/17,9,57.14
1,2025/2/17,10,71.43
1,2025/2/17,11,85.71
1,2025/2/17,12,85.71
1,2025/2/17,13,85.71
1,2025/2/17,14,85.71
1,2025/2/17,15,85.71
1,2025/2/17,16,85.71
1,2025/2/17,17,85.71
1,2025/2/17,18,57.14
1,2025/2/17,19,57.14
1,2025/2/17,20,62.5
1,2025/2/17,21,37.5
1,2025/2/17,22,25
1,2025/2/17,23,25
1,2025/2/18,0,25
1,2025/2/18,1,25
1,2025/2/18,2,25
1,2025/2/18,3,25
1,2025/2/18,4,25
1,2025/2/18,5,25
1,2025/2/18,6,25
1,2025/2/18,7,37.5
1,2025/2/18,8,37.5
1,2025/2/18,9,57.14
1,2025/2/18,10,57.14
1,2025/2/18,11,57.14
1,2025/2/18,12,42.86
1,2025/2/18,13,42.86
1,2025/2/18,14,57.14
1,2025/2/18,15,57.14
1,2025/2/18,16,57.14
1,2025/2/18,17,42.86
1,2025/2/18,18,42.86
1,2025/2/18,19,42.86
1,2025/2/18,20,42.86
1,2025/2/18,21,42.86
1,2025/2/18,22,37.5
1,2025/2/18,23,25
1,2025/2/19,0,25
1,2025/2/19,1,25
1,2025/2/19,2,25
1,2025/2/19,3,25
1,2025/2/19,4,25
1,2025/2/19,5,25
1,2025/2/19,6,25
1,2025/2/19,7,25
1,2025/2/19,8,50
1,2025/2/19,9,71.43
1,2025/2/19,10,71.43
1,2025/2/19,11,71.43
1,2025/2/19,12,85.71
1,2025/2/19,13,85.71
1,2025/2/19,14,71.43
1,2025/2/19,15,85.71
1,2025/2/19,16,85.71
1,2025/2/19,17,71.43
1,2025/2/19,18,57.14
1,2025/2/19,19,57.14
1,2025/2/19,20,28.57
1,2025/2/19,21,28.57
1,2025/2/19,22,14.29
1,2025/2/19,23,14.29
1,2025/2/20,0,14.29
1,2025/2/20,1,14.29
1,2025/2/20,2,14.29
1,2025/2/20,3,14.29
1,2025/2/20,4,14.29
1,2025/2/20,5,14.29
1,2025/2/20,6,14.29
1,2025/2/20,7,28.57
1,2025/2/20,8,57.14
1,2025/2/20,9,75
1,2025/2/20,10,85.71
1,2025/2/20,11,85.71
1,2025/2/20,12,85.71
1,2025/2/20,13,85.71
1,2025/2/20,14,71.43
1,2025/2/20,15,71.43
1,2025/2/20,16,71.43
1,2025/2/20,17,71.43
1,2025/2/20,18,57.14
1,2025/2/20,19,62.5
1,2025/2/20,20,62.5
1,2025/2/20,21,62.5
1,2025/2/20,22,25
1,2025/2/20,23,25
1,2025/2/21,0,25
1,2025/2/21,1,25
1,2025/2/21,2,25
1,2025/2/21,3,25
1,2025/2/21,4,25
1,2025/2/21,5,25
1,2025/2/21,6,25
1,2025/2/21,7,37.5
1,2025/2/21,8,50
1,2025/2/21,9,42.86
1,2025/2/21,10,57.14
1,2025/2/21,11,71.43
1,2025/2/21,12,71.43
1,2025/2/21,13,71.43
1,2025/2/21,14,71.43
1,2025/2/21,15,71.43
1,2025/2/21,16,71.43
1,2025/2/21,17,71.43
1,2025/2/21,18,71.43
1,2025/2/21,19,57.14
1,2025/2/21,20,62.5
1,2025/2/21,21,37.5
1,2025/2/21,22,25
1,2025/2/21,23,12.5
1,2025/2/22,0,12.5
1,2025/2/22,1,12.5
1,2025/2/22,2,12.5
1,2025/2/22,3,12.5
1,2025/2/22,4,12.5
1,2025/2/22,5,12.5
1,2025/2/22,6,12.5
1,2025/2/22,7,12.5
1,2025/2/22,8,12.5
1,2025/2/22,9,25
1,2025/2/22,10,25
1,2025/2/22,11,25
1,2025/2/22,12,37.5
1,2025/2/22,13,37.5
1,2025/2/22,14,37.5
1,2025/2/22,15,37.5
1,2025/2/22,16,25
1,2025/2/22,17,25
1,2025/2/22,18,25
1,2025/2/22,19,25
1,2025/2/22,20,25
1,2025/2/22,21,25
1,2025/2/22,22,25
1,2025/2/22,23,25
1,2025/2/23,0,12.5
1,2025/2/23,1,12.5
1,2025/2/23,2,12.5
1,2025/2/23,3,12.5
1,2025/2/23,4,12.5
1,2025/2/23,5,12.5
1,2025/2/23,6,12.5
1,2025/2/23,7,12.5
1,2025/2/23,8,12.5
1,2025/2/23,9,12.5
1,2025/2/23,10,12.5
1,2025/2/23,11,12.5
1,2025/2/23,12,12.5
1,2025/2/23,13,12.5
1,2025/2/23,14,12.5
1,2025/2/23,15,12.5
1,2025/2/23,16,12.5
1,2025/2/23,17,12.5
1,2025/2/23,18,12.5
1,2025/2/23,19,12.5
1,2025/2/23,20,12.5
1,2025/2/23,21,12.5
1,2025/2/23,22,12.5
1,2025/2/23,23,12.5
1,2025/2/24,0,12.5
1,2025/2/24,1,12.5
1,2025/2/24,2,12.5
1,2025/2/24,3,12.5
1,2025/2/24,4,12.5
1,2025/2/24,5,12.5
1,2025/2/24,6,12.5
1,2025/2/24,7,12.5
1,2025/2/24,8,50
1,2025/2/24,9,57.14
1,2025/2/24,10,57.14
1,2025/2/24,11,71.43
1,2025/2/24,12,71.43
1,2025/2/24,13,71.43
1,2025/2/24,14,85.71
1,2025/2/24,15,85.71
1,2025/2/24,16,71.43
1,2025/2/24,17,57.14
1,2025/2/24,18,42.86
1,2025/2/24,19,28.57
1,2025/2/24,20,28.57
1,2025/2/24,21,14.29
1,2025/2/24,22,14.29
1,2025/2/24,23,14.29
1,2025/2/25,0,14.29
1,2025/2/25,1,14.29
1,2025/2/25,2,14.29
1,2025/2/25,3,14.29
1,2025/2/25,4,14.29
1,2025/2/25,5,14.29
1,2025/2/25,6,14.29
1,2025/2/25,7,14.29
1,2025/2/25,8,57.14
1,2025/2/25,9,71.43
1,2025/2/25,10,87.5
1,2025/2/25,11,100
1,2025/2/25,12,100
1,2025/2/25,13,100
1,2025/2/25,14,100
1,2025/2/25,15,100
1,2025/2/25,16,85.71
1,2025/2/25,17,71.43
1,2025/2/25,18,62.5
1,2025/2/25,19,25
1,2025/2/25,20,25
1,2025/2/25,21,25
1,2025/2/25,22,14.29
1,2025/2/25,23,14.29
1,2025/2/26,0,25
1,2025/2/26,1,25
1,2025/2/26,2,25
1,2025/2/26,3,25
1,2025/2/26,4,25
1,2025/2/26,5,25
1,2025/2/26,6,25
1,2025/2/26,7,25
1,2025/2/26,8,28.57
1,2025/2/26,9,57.14
1,2025/2/26,10,57.14
1,2025/2/26,11,71.43
1,2025/2/26,12,57.14
1,2025/2/26,13,71.43
1,2025/2/26,14,71.43
1,2025/2/26,15,71.43
1,2025/2/26,16,71.43
1,2025/2/26,17,57.14
1,2025/2/26,18,42.86
1,2025/2/26,19,28.57
1,2025/2/26,20,28.57
1,2025/2/26,21,14.29
1,2025/2/26,22,14.29
1,2025/2/26,23,14.29
1,2025/2/27,0,14.29
1,2025/2/27,1,14.29
1,2025/2/27,2,14.29
1,2025/2/27,3,14.29
1,2025/2/27,4,14.29
1,2025/2/27,5,14.29
1,2025/2/27,6,14.29
1,2025/2/27,7,28.57
1,2025/2/27,8,42.86
1,2025/2/27,9,57.14
1,2025/2/27,10,71.43
1,2025/2/27,11,71.43
1,2025/2/27,12,71.43
1,2025/2/27,13,71.43
1,2025/2/27,14,71.43
1,2025/2/27,15,71.43
1,2025/2/27,16,71.43
1,2025/2/27,17,57.14
1,2025/2/27,18,42.86
1,2025/2/27,19,50
1,2025/2/27,20,37.5
1,2025/2/27,21,25
1,2025/2/27,22,25
1,2025/2/27,23,25
1,2025/2/28,0,25
1,2025/2/28,1,25
1,2025/2/28,2,14.29
1,2025/2/28,3,25
1,2025/2/28,4,14.29
1,2025/2/28,5,25
1,2025/2/28,6,25
1,2025/2/28,7,25
1,2025/2/28,8,50
1,2025/2/28,9,57.14
1,2025/2/28,10,57.14
1,2025/2/28,11,57.14
1,2025/2/28,12,57.14
1,2025/2/28,13,57.14
1,2025/2/28,14,57.14
1,2025/2/28,15,71.43
1,2025/2/28,16,71.43
1,2025/2/28,17,57.14
1,2025/2/28,18,57.14
1,2025/2/28,19,57.14
1,2025/2/28,20,62.5
1,2025/2/28,21,62.5
1,2025/2/28,22,37.5
1,2025/2/28,23,12.5
1,2025/3/1,0,12.5
1,2025/3/1,1,12.5
1,2025/3/1,2,12.5
1,2025/3/1,3,12.5
1,2025/3/1,4,12.5
1,2025/3/1,5,12.5
1,2025/3/1,6,12.5
1,2025/3/1,7,12.5
1,2025/3/1,8,12.5
1,2025/3/1,9,12.5
1,2025/3/1,10,12.5
1,2025/3/1,11,12.5
1,2025/3/1,12,12.5
1,2025/3/1,13,12.5
1,2025/3/1,14,12.5
1,2025/3/1,15,25
1,2025/3/1,16,25
1,2025/3/1,17,25
1,2025/3/1,18,25
1,2025/3/1,19,12.5
1,2025/3/1,20,12.5
1,2025/3/1,21,12.5
1,2025/3/1,22,12.5
1,2025/3/1,23,12.5
1,2025/3/2,0,12.5
1,2025/3/2,1,12.5
1,2025/3/2,2,12.5
1,2025/3/2,3,12.5
1,2025/3/2,4,12.5
1,2025/3/2,5,12.5
1,2025/3/2,6,12.5
1,2025/3/2,7,12.5
1,2025/3/2,8,12.5
1,2025/3/2,9,12.5
1,2025/3/2,10,12.5
1,2025/3/2,11,12.5
1,2025/3/2,12,12.5
1,2025/3/2,13,12.5
1,2025/3/2,14,25
1,2025/3/2,15,25
1,2025/3/2,16,25
1,2025/3/2,17,25
1,2025/3/2,18,25
1,2025/3/2,19,25
1,2025/3/2,20,0
1,2025/3/2,21,0
1,2025/3/2,22,0
1,2025/3/2,23,0
1,2025/3/3,0,0
1,2025/3/3,1,0
1,2025/3/3,2,0
1,2025/3/3,3,0
1,2025/3/3,4,0
1,2025/3/3,5,0
1,2025/3/3,6,0
1,2025/3/3,7,0
1,2025/3/3,8,42.86
1,2025/3/3,9,85.71
1,2025/3/3,10,71.43
1,2025/3/3,11,71.43
1,2025/3/3,12,100
1,2025/3/3,13,100
1,2025/3/3,14,100
1,2025/3/3,15,85.71
1,2025/3/3,16,85.71
1,2025/3/3,17,71.43
1,2025/3/3,18,71.43
1,2025/3/3,19,75
1,2025/3/3,20,37.5
1,2025/3/3,21,37.5
1,2025/3/3,22,25
1,2025/3/3,23,25
1,2025/3/4,0,25
1,2025/3/4,1,25
1,2025/3/4,2,25
1,2025/3/4,3,25
1,2025/3/4,4,25
1,2025/3/4,5,25
1,2025/3/4,6,25
1,2025/3/4,7,25
1,2025/3/4,8,50
1,2025/3/4,9,71.43
1,2025/3/4,10,71.43
1,2025/3/4,11,85.71
1,2025/3/4,12,85.71
1,2025/3/4,13,85.71
1,2025/3/4,14,85.71
1,2025/3/4,15,85.71
1,2025/3/4,16,71.43
1,2025/3/4,17,57.14
1,2025/3/4,18,62.5
1,2025/3/4,19,62.5
1,2025/3/4,20,25
1,2025/3/4,21,25
1,2025/3/4,22,12.5
1,2025/3/4,23,12.5
1,2025/3/5,0,12.5
1,2025/3/5,1,12.5
1,2025/3/5,2,12.5
1,2025/3/5,3,12.5
1,2025/3/5,4,12.5
1,2025/3/5,5,12.5
1,2025/3/5,6,12.5
1,2025/3/5,7,25
1,2025/3/5,8,37.5
1,2025/3/5,9,42.86
1,2025/3/5,10,42.86
1,2025/3/5,11,42.86
1,2025/3/5,12,42.86
1,2025/3/5,13,71.43
1,2025/3/5,14,71.43
1,2025/3/5,15,71.43
1,2025/3/5,16,71.43
1,2025/3/5,17,57.14
1,2025/3/5,18,57.14
1,2025/3/5,19,42.86
1,2025/3/5,20,37.5
1,2025/3/5,21,28.57
1,2025/3/5,22,28.57
1,2025/3/5,23,14.29
1,2025/3/6,0,14.29
1,2025/3/6,1,14.29
1,2025/3/6,2,14.29
1,2025/3/6,3,14.29
1,2025/3/6,4,14.29
1,2025/3/6,5,14.29
1,2025/3/6,6,14.29
1,2025/3/6,7,28.57
1,2025/3/6,8,62.5
1,2025/3/6,9,71.43
1,2025/3/6,10,75
1,2025/3/6,11,75
1,2025/3/6,12,71.43
1,2025/3/6,13,71.43
1,2025/3/6,14,71.43
1,2025/3/6,15,71.43
1,2025/3/6,16,57.14
1,2025/3/6,17,42.86
1,2025/3/6,18,42.86
1,2025/3/6,19,28.57
1,2025/3/6,20,28.57
1,2025/3/6,21,28.57
1,2025/3/6,22,14.29
1,2025/3/6,23,14.29
1,2025/3/7,0,14.29
1,2025/3/7,1,14.29
1,2025/3/7,2,14.29
1,2025/3/7,3,14.29
1,2025/3/7,4,14.29
1,2025/3/7,5,14.29
1,2025/3/7,6,14.29
1,2025/3/7,7,14.29
1,2025/3/7,8,57.14
1,2025/3/7,9,71.43
1,2025/3/7,10,71.43
1,2025/3/7,11,75
1,2025/3/7,12,85.71
1,2025/3/7,13,87.5
1,2025/3/7,14,75
1,2025/3/7,15,75
1,2025/3/7,16,85.71
1,2025/3/7,17,71.43
1,2025/3/7,18,71.43
1,2025/3/7,19,71.43
1,2025/3/7,20,42.86
1,2025/3/7,21,28.57
1,2025/3/7,22,28.57
1,2025/3/7,23,14.29
1,2025/3/8,0,14.29
1,2025/3/8,1,14.29
1,2025/3/8,2,14.29
1,2025/3/8,3,14.29
1,2025/3/8,4,14.29
1,2025/3/8,5,14.29
1,2025/3/8,6,14.29
1,2025/3/8,7,14.29
1,2025/3/8,8,14.29
1,2025/3/8,9,14.29
1,2025/3/8,10,14.29
1,2025/3/8,11,14.29
1,2025/3/8,12,14.29
1,2025/3/8,13,14.29
1,2025/3/8,14,14.29
1,2025/3/8,15,14.29
1,2025/3/8,16,14.29
1,2025/3/8,17,14.29
1,2025/3/8,18,14.29
1,2025/3/8,19,14.29
1,2025/3/8,20,14.29
1,2025/3/8,21,14.29
1,2025/3/8,22,14.29
1,2025/3/8,23,14.29
1,2025/3/9,0,14.29
1,2025/3/9,1,14.29
1,2025/3/9,2,14.29
1,2025/3/9,3,14.29
1,2025/3/9,4,14.29
1,2025/3/9,5,14.29
1,2025/3/9,6,14.29
1,2025/3/9,7,14.29
1,2025/3/9,8,14.29
1,2025/3/9,9,14.29
1,2025/3/9,10,14.29
1,2025/3/9,11,14.29
1,2025/3/9,12,14.29
1,2025/3/9,13,14.29
1,2025/3/9,14,14.29
1,2025/3/9,15,14.29
1,2025/3/9,16,14.29
1,2025/3/9,17,14.29
1,2025/3/9,18,14.29
1,2025/3/9,19,14.29
1,2025/3/9,20,14.29
1,2025/3/9,21,14.29
1,2025/3/9,22,14.29
1,2025/3/9,23,14.29
1,2025/3/10,0,14.29
1,2025/3/10,1,14.29
1,2025/3/10,2,14.29
1,2025/3/10,3,25
1,2025/3/10,4,14.29
1,2025/3/10,5,14.29
1,2025/3/10,6,14.29
1,2025/3/10,7,14.29
1,2025/3/10,8,57.14
1,2025/3/10,9,85.71
1,2025/3/10,10,85.71
1,2025/3/10,11,100
1,2025/3/10,12,100
1,2025/3/10,13,87.5
1,2025/3/10,14,75
1,2025/3/10,15,100
1,2025/3/10,16,100
1,2025/3/10,17,87.5
1,2025/3/10,18,87.5
1,2025/3/10,19,62.5
1,2025/3/10,20,62.5
1,2025/3/10,21,50
1,2025/3/10,22,25
1,2025/3/10,23,14.29
1,2025/3/11,0,14.29
1,2025/3/11,1,14.29
1,2025/3/11,2,14.29
1,2025/3/11,3,14.29
1,2025/3/11,4,14.29
1,2025/3/11,5,14.29
1,2025/3/11,6,14.29
1,2025/3/11,7,14.29
1,2025/3/11,8,28.57
1,2025/3/11,9,42.86
1,2025/3/11,10,42.86
1,2025/3/11,11,57.14
1,2025/3/11,12,57.14
1,2025/3/11,13,57.14
1,2025/3/11,14,57.14
1,2025/3/11,15,57.14
1,2025/3/11,16,50
1,2025/3/11,17,100
1,2025/3/11,18,66.67
1,2025/3/11,19,60
1,2025/3/11,20,100
1,2025/3/11,21,33.33
1,2025/3/11,22,33.33
1,2025/3/11,23,50
1,2025/3/12,0,33.33
1,2025/3/12,1,33.33
1,2025/3/12,2,33.33
1,2025/3/12,3,33.33
1,2025/3/12,4,20
1,2025/3/12,5,20
1,2025/3/12,6,50
1,2025/3/12,7,33.33
1,2025/3/12,8,0
1,2025/3/12,9,66.67
1,2025/3/12,10,50
1,2025/3/12,11,100
1,2025/3/12,12,100
1,2025/3/12,13,50
1,2025/3/12,14,100
1,2025/3/12,15,100
1,2025/3/12,16,100
1,2025/3/12,17,100
1,2025/3/12,18,33.33
1,2025/3/12,19,100
1,2025/3/12,20,33.33
1,2025/3/12,21,25
1,2025/3/12,22,0
1,2025/3/12,23,20
1,2025/3/13,0,0
1,2025/3/13,1,33.33
1,2025/3/13,2,50
1,2025/3/13,3,33.33
1,2025/3/13,4,0
1,2025/3/13,5,0
1,2025/3/13,6,33.33
1,2025/3/13,7,66.67
1,2025/3/13,8,0
1,2025/3/13,9,100
1,2025/3/13,10,66.67
1,2025/3/13,11,100
1,2025/3/13,12,85.71
1,2025/3/13,13,85.71
1,2025/3/13,14,85.71
1,2025/3/13,15,85.71
1,2025/3/13,16,85.71
1,2025/3/13,17,71.43
1,2025/3/13,18,71.43
1,2025/3/13,19,57.14
1,2025/3/13,20,42.86
1,2025/3/13,21,28.57
1,2025/3/13,22,14.29
1,2025/3/13,23,14.29
1,2025/3/14,0,14.29
1,2025/3/14,1,14.29
1,2025/3/14,2,14.29
1,2025/3/14,3,14.29
1,2025/3/14,4,14.29
1,2025/3/14,5,14.29
1,2025/3/14,6,14.29
1,2025/3/14,7,28.57
1,2025/3/14,8,57.14
1,2025/3/14,9,71.43
1,2025/3/14,10,66.67
1,2025/3/14,11,83.33
1,2025/3/14,12,83.33
1,2025/3/14,13,83.33
1,2025/3/14,14,83.33
1,2025/3/14,15,83.33
1,2025/3/14,16,85.71
1,2025/3/14,17,71.43
1,2025/3/14,18,57.14
1,2025/3/14,19,57.14
1,2025/3/14,20,42.86
1,2025/3/14,21,28.57
1,2025/3/14,22,14.29
1,2025/3/14,23,14.29
1,2025/3/15,0,14.29
1,2025/3/15,1,14.29
1,2025/3/15,2,14.29
1,2025/3/15,3,14.29
1,2025/3/15,4,14.29
1,2025/3/15,5,14.29
1,2025/3/15,6,14.29
1,2025/3/15,7,14.29
1,2025/3/15,8,14.29
1,2025/3/15,9,14.29
1,2025/3/15,10,14.29
1,2025/3/15,11,14.29
1,2025/3/15,12,14.29
1,2025/3/15,13,14.29
1,2025/3/15,14,14.29
1,2025/3/15,15,14.29
1,2025/3/15,16,14.29
1,2025/3/15,17,14.29
1,2025/3/15,18,14.29
1,2025/3/15,19,14.29
1,2025/3/15,20,14.29
1,2025/3/15,21,14.29
1,2025/3/15,22,14.29
1,2025/3/15,23,14.29
1,2025/3/16,0,14.29
1,2025/3/16,1,14.29
1,2025/3/16,2,14.29
1,2025/3/16,3,14.29
1,2025/3/16,4,14.29
1,2025/3/16,5,14.29
1,2025/3/16,6,14.29
1,2025/3/16,7,14.29
1,2025/3/16,8,14.29
1,2025/3/16,9,14.29
1,2025/3/16,10,14.29
1,2025/3/16,11,14.29
1,2025/3/16,12,14.29
1,2025/3/16,13,28.57
1,2025/3/16,14,28.57
1,2025/3/16,15,28.57
1,2025/3/16,16,28.57
1,2025/3/16,17,14.29
1,2025/3/16,18,14.29
1,2025/3/16,19,14.29
1,2025/3/16,20,14.29
1,2025/3/16,21,14.29
1,2025/3/16,22,14.29
1,2025/3/16,23,14.29
1,2025/3/17,0,14.29
1,2025/3/17,1,14.29
1,2025/3/17,2,14.29
1,2025/3/17,3,14.29
1,2025/3/17,4,14.29
1,2025/3/17,5,14.29
1,2025/3/17,6,14.29
1,2025/3/17,7,28.57
1,2025/3/17,8,50
1,2025/3/17,9,71.43
1,2025/3/17,10,71.43
1,2025/3/17,11,71.43
1,2025/3/17,12,71.43
1,2025/3/17,13,85.71
1,2025/3/17,14,85.71
1,2025/3/17,15,71.43
1,2025/3/17,16,75
1,2025/3/17,17,87.5
1,2025/3/17,18,71.43
1,2025/3/17,19,71.43
1,2025/3/17,20,62.5
1,2025/3/17,21,25
1,2025/3/17,22,25
1,2025/3/17,23,25
1,2025/3/18,0,25
1,2025/3/18,1,25
1,2025/3/18,2,25
1,2025/3/18,3,25
1,2025/3/18,4,25
1,2025/3/18,5,25
1,2025/3/18,6,25
1,2025/3/18,7,25
1,2025/3/18,8,28.57
1,2025/3/18,9,28.57
1,2025/3/18,10,14.29
1,2025/3/18,11,57.14
1,2025/3/18,12,57.14
1,2025/3/18,13,57.14
1,2025/3/18,14,57.14
1,2025/3/18,15,42.86
1,2025/3/18,16,42.86
1,2025/3/18,17,28.57
1,2025/3/18,18,28.57
1,2025/3/18,19,37.5
1,2025/3/18,20,37.5
1,2025/3/18,21,25
1,2025/3/18,22,25
1,2025/3/18,23,25
1,2025/3/19,0,25
1,2025/3/19,1,25
1,2025/3/19,2,25
1,2025/3/19,3,25
1,2025/3/19,4,25
1,2025/3/19,5,25
1,2025/3/19,6,25
1,2025/3/19,7,37.5
1,2025/3/19,8,50
1,2025/3/19,9,57.14
1,2025/3/19,10,57.14
1,2025/3/19,11,57.14
1,2025/3/19,12,57.14
1,2025/3/19,13,57.14
1,2025/3/19,14,57.14
1,2025/3/19,15,62.5
1,2025/3/19,16,50
1,2025/3/19,17,42.86
1,2025/3/19,18,28.57
1,2025/3/19,19,37.5
1,2025/3/19,20,28.57
1,2025/3/19,21,14.29
1,2025/3/19,22,14.29
1,2025/3/19,23,14.29
1,2025/3/20,0,14.29
1,2025/3/20,1,14.29
1,2025/3/20,2,14.29
1,2025/3/20,3,14.29
1,2025/3/20,4,14.29
1,2025/3/20,5,14.29
1,2025/3/20,6,14.29
1,2025/3/20,7,37.5
1,2025/3/20,8,28.57
1,2025/3/20,9,33.33
1,2025/3/20,10,16.67
1,2025/3/20,11,16.67
1,2025/3/20,12,50
1,2025/3/20,13,42.86
1,2025/3/20,14,42.86
1,2025/3/20,15,42.86
1,2025/3/20,16,42.86
1,2025/3/20,17,28.57
1,2025/3/20,18,28.57
1,2025/3/20,19,28.57
1,2025/3/20,20,28.57
1,2025/3/20,21,25
1,2025/3/20,22,14.29
1,2025/3/20,23,14.29
1,2025/3/21,0,14.29
1,2025/3/21,1,14.29
1,2025/3/21,2,14.29
1,2025/3/21,3,14.29
1,2025/3/21,4,14.29
1,2025/3/21,5,14.29
1,2025/3/21,6,14.29
1,2025/3/21,7,28.57
1,2025/3/21,8,28.57
1,2025/3/21,9,28.57
1,2025/3/21,10,57.14
1,2025/3/21,11,50
1,2025/3/21,12,57.14
1,2025/3/21,13,57.14
1,2025/3/21,14,57.14
1,2025/3/21,15,57.14
1,2025/3/21,16,57.14
1,2025/3/21,17,42.86
1,2025/3/21,18,42.86
1,2025/3/21,19,42.86
1,2025/3/21,20,42.86
1,2025/3/21,21,28.57
1,2025/3/21,22,28.57
1,2025/3/21,23,28.57
1,2025/3/22,0,28.57
1,2025/3/22,1,28.57
1,2025/3/22,2,14.29
1,2025/3/22,3,14.29
1,2025/3/22,4,14.29
1,2025/3/22,5,14.29
1,2025/3/22,6,14.29
1,2025/3/22,7,14.29
1,2025/3/22,8,14.29
1,2025/3/22,9,14.29
1,2025/3/22,10,14.29
1,2025/3/22,11,14.29
1,2025/3/22,12,28.57
1,2025/3/22,13,28.57
1,2025/3/22,14,14.29
1,2025/3/22,15,14.29
1,2025/3/22,16,14.29
1,2025/3/22,17,14.29
1,2025/3/22,18,14.29
1,2025/3/22,19,14.29
1,2025/3/22,20,14.29
1,2025/3/22,21,14.29
1,2025/3/22,22,14.29
1,2025/3/22,23,14.29
1,2025/3/23,0,14.29
1,2025/3/23,1,14.29
1,2025/3/23,2,14.29
1,2025/3/23,3,14.29
1,2025/3/23,4,14.29
1,2025/3/23,5,14.29
1,2025/3/23,6,14.29
1,2025/3/23,7,14.29
1,2025/3/23,8,14.29
1,2025/3/23,9,14.29
1,2025/3/23,10,14.29
1,2025/3/23,11,14.29
1,2025/3/23,12,14.29
1,2025/3/23,13,14.29
1,2025/3/23,14,14.29
1,2025/3/23,15,14.29
1,2025/3/23,16,14.29
1,2025/3/23,17,28.57
1,2025/3/23,18,28.57
1,2025/3/23,19,28.57
1,2025/3/23,20,28.57
1,2025/3/23,21,28.57
1,2025/3/23,22,14.29
1,2025/3/23,23,14.29
1,2025/3/24,0,14.29
1,2025/3/24,1,14.29
1,2025/3/24,2,14.29
1,2025/3/24,3,14.29
1,2025/3/24,4,14.29
1,2025/3/24,5,14.29
1,2025/3/24,6,14.29
1,2025/3/24,7,25
1,2025/3/24,8,42.86
1,2025/3/24,9,42.86
1,2025/3/24,10,57.14
1,2025/3/24,11,57.14
1,2025/3/24,12,42.86
1,2025/3/24,13,57.14
1,2025/3/24,14,42.86
1,2025/3/24,15,42.86
1,2025/3/24,16,42.86
1,2025/3/24,17,28.57
1,2025/3/24,18,28.57
1,2025/3/24,19,28.57
1,2025/3/24,20,28.57
1,2025/3/24,21,14.29
1,2025/3/24,22,14.29
1,2025/3/24,23,14.29
1,2025/3/25,0,14.29
1,2025/3/25,1,14.29
1,2025/3/25,2,14.29
1,2025/3/25,3,14.29
1,2025/3/25,4,14.29
1,2025/3/25,5,14.29
1,2025/3/25,6,14.29
1,2025/3/25,7,28.57
1,2025/3/25,8,42.86
1,2025/3/25,9,42.86
1,2025/3/25,10,42.86
1,2025/3/25,11,71.43
1,2025/3/25,12,71.43
1,2025/3/25,13,71.43
1,2025/3/25,14,71.43
1,2025/3/25,15,57.14
1,2025/3/25,16,42.86
1,2025/3/25,17,42.86
1,2025/3/25,18,42.86
1,2025/3/25,19,42.86
1,2025/3/25,20,28.57
1,2025/3/25,21,28.57
1,2025/3/25,22,0
1,2025/3/25,23,0
1,2025/3/26,0,0
1,2025/3/26,1,0
1,2025/3/26,2,14.29
1,2025/3/26,3,14.29
1,2025/3/26,4,14.29
1,2025/3/26,5,14.29
1,2025/3/26,6,14.29
1,2025/3/26,7,28.57
1,2025/3/26,8,42.86
1,2025/3/26,9,57.14
1,2025/3/26,10,42.86
1,2025/3/26,11,42.86
1,2025/3/26,12,42.86
1,2025/3/26,13,37.5
1,2025/3/26,14,75
1,2025/3/26,15,62.5
1,2025/3/26,16,71.43
1,2025/3/26,17,71.43
1,2025/3/26,18,28.57
1,2025/3/26,19,28.57
1,2025/3/26,20,14.29
1,2025/3/26,21,14.29
1,2025/3/26,22,14.29
1,2025/3/26,23,14.29
1,2025/3/27,0,14.29
1,2025/3/27,1,14.29
1,2025/3/27,2,14.29
1,2025/3/27,3,14.29
1,2025/3/27,4,14.29
1,2025/3/27,5,14.29
1,2025/3/27,6,25
1,2025/3/27,7,25
1,2025/3/27,8,28.57
1,2025/3/27,9,42.86
1,2025/3/27,10,42.86
1,2025/3/27,11,42.86
1,2025/3/27,12,42.86
1,2025/3/27,13,28.57
1,2025/3/27,14,28.57
1,2025/3/27,15,28.57
1,2025/3/27,16,28.57
1,2025/3/27,17,16.67
1,2025/3/27,18,16.67
1,2025/3/27,19,16.67
1,2025/3/27,20,16.67
1,2025/3/27,21,28.57
1,2025/3/27,22,14.29
1,2025/3/27,23,14.29
1,2025/3/28,0,14.29
1,2025/3/28,1,14.29
1,2025/3/28,2,14.29
1,2025/3/28,3,14.29
1,2025/3/28,4,14.29
1,2025/3/28,5,14.29
1,2025/3/28,6,14.29
1,2025/3/28,7,14.29
1,2025/3/28,8,14.29
1,2025/3/28,9,28.57
1,2025/3/28,10,42.86
1,2025/3/28,11,42.86
1,2025/3/28,12,42.86
1,2025/3/28,13,42.86
1,2025/3/28,14,42.86
1,2025/3/28,15,42.86
1,2025/3/28,16,42.86
1,2025/3/28,17,42.86
1,2025/3/28,18,42.86
1,2025/3/28,19,42.86
1,2025/3/28,20,42.86
1,2025/3/28,21,28.57
1,2025/3/28,22,28.57
1,2025/3/28,23,14.29
1,2025/3/29,0,14.29
1,2025/3/29,1,14.29
1,2025/3/29,2,14.29
1,2025/3/29,3,14.29
1,2025/3/29,4,14.29
1,2025/3/29,5,14.29
1,2025/3/29,6,14.29
1,2025/3/29,7,14.29
1,2025/3/29,8,14.29
1,2025/3/29,9,14.29
1,2025/3/29,10,14.29
1,2025/3/29,11,14.29
1,2025/3/29,12,14.29
1,2025/3/29,13,14.29
1,2025/3/29,14,14.29
1,2025/3/29,15,14.29
1,2025/3/29,16,14.29
1,2025/3/29,17,14.29
1,2025/3/29,18,28.57
1,2025/3/29,19,14.29
1,2025/3/29,20,14.29
1,2025/3/29,21,14.29
1,2025/3/29,22,14.29
1,2025/3/29,23,14.29
1,2025/3/30,0,14.29
1,2025/3/30,1,14.29
1,2025/3/30,2,14.29
1,2025/3/30,3,14.29
1,2025/3/30,4,14.29
1,2025/3/30,5,14.29
1,2025/3/30,6,14.29
1,2025/3/30,7,14.29
1,2025/3/30,8,14.29
1,2025/3/30,9,14.29
1,2025/3/30,10,14.29
1,2025/3/30,11,14.29
1,2025/3/30,12,14.29
1,2025/3/30,13,14.29
1,2025/3/30,14,14.29
1,2025/3/30,15,14.29
1,2025/3/30,16,14.29
1,2025/3/30,17,14.29
1,2025/3/30,18,14.29
1,2025/3/30,19,14.29
1,2025/3/30,20,14.29
1,2025/3/30,21,14.29
1,2025/3/30,22,14.29
1,2025/3/30,23,14.29
1,2025/3/31,0,14.29
1,2025/3/31,1,14.29
1,2025/3/31,2,14.29
1,2025/3/31,3,14.29
1,2025/3/31,4,14.29
1,2025/3/31,5,14.29
1,2025/3/31,6,25
1,2025/3/31,7,25
1,2025/3/31,8,28.57
1,2025/3/31,9,62.5
1,2025/3/31,10,50
1,2025/3/31,11,50
1,2025/3/31,12,50
1,2025/3/31,13,50
1,2025/3/31,14,50
1,2025/3/31,15,50
1,2025/3/31,16,50
1,2025/3/31,17,25
1,2025/3/31,18,25
1,2025/3/31,19,25
1,2025/3/31,20,25
1,2025/3/31,21,25
1,2025/3/31,22,12.5
1,2025/3/31,23,12.5
1,2025/4/1,0,12.5
1,2025/4/1,1,12.5
1,2025/4/1,2,12.5
1,2025/4/1,3,12.5
1,2025/4/1,4,12.5
1,2025/4/1,5,12.5
1,2025/4/1,6,12.5
1,2025/4/1,7,12.5
1,2025/4/1,8,25
1,2025/4/1,9,42.86
1,2025/4/1,10,71.43
1,2025/4/1,11,57.14
1,2025/4/1,12,57.14
1,2025/4/1,13,57.14
1,2025/4/1,14,71.43
1,2025/4/1,15,71.43
1,2025/4/1,16,71.43
1,2025/4/1,17,42.86
1,2025/4/1,18,42.86
1,2025/4/1,19,42.86
1,2025/4/1,20,42.86
1,2025/4/1,21,42.86
1,2025/4/1,22,28.57
1,2025/4/1,23,28.57
1,2025/4/2,0,14.29
1,2025/4/2,1,14.29
1,2025/4/2,2,14.29
1,2025/4/2,3,14.29
1,2025/4/2,4,14.29
1,2025/4/2,5,14.29
1,2025/4/2,6,14.29
1,2025/4/2,7,28.57
1,2025/4/2,8,28.57
1,2025/4/2,9,42.86
1,2025/4/2,10,42.86
1,2025/4/2,11,42.86
1,2025/4/2,12,28.57
1,2025/4/2,13,28.57
1,2025/4/2,14,50
1,2025/4/2,15,50
1,2025/4/2,16,42.86
1,2025/4/2,17,16.67
1,2025/4/2,18,28.57
1,2025/4/2,19,28.57
1,2025/4/2,20,28.57
1,2025/4/2,21,14.29
1,2025/4/2,22,14.29
1,2025/4/2,23,14.29
1,2025/4/3,0,14.29
1,2025/4/3,1,14.29
1,2025/4/3,2,14.29
1,2025/4/3,3,14.29
1,2025/4/3,4,14.29
1,2025/4/3,5,14.29
1,2025/4/3,6,14.29
1,2025/4/3,7,28.57
1,2025/4/3,8,28.57
1,2025/4/3,9,42.86
1,2025/4/3,10,42.86
1,2025/4/3,11,50
1,2025/4/3,12,50
1,2025/4/3,13,57.14
1,2025/4/3,14,57.14
1,2025/4/3,15,57.14
1,2025/4/3,16,42.86
1,2025/4/3,17,28.57
1,2025/4/3,18,28.57
1,2025/4/3,19,28.57
1,2025/4/3,20,28.57
1,2025/4/3,21,14.29
1,2025/4/3,22,0
1,2025/4/3,23,0
1,2025/4/4,0,0
1,2025/4/4,1,0
1,2025/4/4,2,0
1,2025/4/4,3,0
1,2025/4/4,4,0
1,2025/4/4,5,0
1,2025/4/4,6,0
1,2025/4/4,7,0
1,2025/4/4,8,0
1,2025/4/4,9,0
1,2025/4/4,10,0
1,2025/4/4,11,0
1,2025/4/4,12,0
1,2025/4/4,13,0
1,2025/4/4,14,0
1,2025/4/4,15,0
1,2025/4/4,16,0
1,2025/4/4,17,0
1,2025/4/4,18,0
1,2025/4/4,19,0
1,2025/4/4,20,0
1,2025/4/4,21,0
1,2025/4/4,22,0
1,2025/4/4,23,0
1,2025/4/5,0,0
1,2025/4/5,1,0
1,2025/4/5,2,0
1,2025/4/5,3,0
1,2025/4/5,4,0
1,2025/4/5,5,0
1,2025/4/5,6,0
1,2025/4/5,7,0
1,2025/4/5,8,0
1,2025/4/5,9,0
1,2025/4/5,10,0
1,2025/4/5,11,0
1,2025/4/5,12,0
1,2025/4/5,13,0
1,2025/4/5,14,0
1,2025/4/5,15,0
1,2025/4/5,16,0
1,2025/4/5,17,0
1,2025/4/5,18,0
1,2025/4/5,19,0
1,2025/4/5,20,0
1,2025/4/5,21,0
1,2025/4/5,22,0
1,2025/4/5,23,0
1,2025/4/6,0,0
1,2025/4/6,1,0
1,2025/4/6,2,0
1,2025/4/6,3,0
1,2025/4/6,4,0
1,2025/4/6,5,0
1,2025/4/6,6,0
1,2025/4/6,7,0
1,2025/4/6,8,0
1,2025/4/6,9,0
1,2025/4/6,10,0
1,2025/4/6,11,0
1,2025/4/6,12,0
1,2025/4/6,13,0
1,2025/4/6,14,0
1,2025/4/6,15,0
1,2025/4/6,16,0
1,2025/4/6,17,14.29
1,2025/4/6,18,14.29
1,2025/4/6,19,14.29
1,2025/4/6,20,14.29
1,2025/4/6,21,14.29
1,2025/4/6,22,14.29
1,2025/4/6,23,14.29
1,2025/4/7,0,14.29
1,2025/4/7,1,14.29
1,2025/4/7,2,14.29
1,2025/4/7,3,14.29
1,2025/4/7,4,14.29
1,2025/4/7,5,14.29
1,2025/4/7,6,14.29
1,2025/4/7,7,14.29
1,2025/4/7,8,28.57
1,2025/4/7,9,28.57
1,2025/4/7,10,42.86
1,2025/4/7,11,42.86
1,2025/4/7,12,25
1,2025/4/7,13,25
1,2025/4/7,14,25
1,2025/4/7,15,25
1,2025/4/7,16,25
1,2025/4/7,17,25
1,2025/4/7,18,25
1,2025/4/7,19,25
1,2025/4/7,20,25
1,2025/4/7,21,25
1,2025/4/7,22,0
1,2025/4/7,23,0
1,2025/4/8,0,0
1,2025/4/8,1,0
1,2025/4/8,2,0
1,2025/4/8,3,0
1,2025/4/8,4,0
1,2025/4/8,5,0
1,2025/4/8,6,0
1,2025/4/8,7,0
1,2025/4/8,8,0
1,2025/4/8,9,25
1,2025/4/8,10,50
1,2025/4/8,11,50
1,2025/4/8,12,50
1,2025/4/8,13,33.33
1,2025/4/8,14,50
1,2025/4/8,15,33.33
1,2025/4/8,16,33.33
1,2025/4/8,17,33.33
1,2025/4/8,18,33.33
1,2025/4/8,19,33.33
1,2025/4/8,20,33.33
1,2025/4/8,21,50
1,2025/4/8,22,25
1,2025/4/8,23,25
1,2025/4/9,0,25
1,2025/4/9,1,25
1,2025/4/9,2,25
1,2025/4/9,3,25
1,2025/4/9,4,25
1,2025/4/9,5,25
1,2025/4/9,6,25
1,2025/4/9,7,25
1,2025/4/9,8,25
1,2025/4/9,9,25
1,2025/4/9,10,25
1,2025/4/9,11,25
1,2025/4/9,12,50
1,2025/4/9,13,50
1,2025/4/9,14,50
1,2025/4/9,15,50
1,2025/4/9,16,50
1,2025/4/9,17,75
1,2025/4/9,18,75
1,2025/4/9,19,75
1,2025/4/9,20,75
1,2025/4/9,21,50
1,2025/4/9,22,50
1,2025/4/9,23,25
1,2025/4/10,0,25
1,2025/4/10,1,25
1,2025/4/10,2,25
1,2025/4/10,3,25
1,2025/4/10,4,25
1,2025/4/10,5,25
1,2025/4/10,6,25
1,2025/4/10,7,25
1,2025/4/10,8,25
1,2025/4/10,9,50
1,2025/4/10,10,50
1,2025/4/10,11,50
1,2025/4/10,12,50
1,2025/4/10,13,50
1,2025/4/10,14,50
1,2025/4/10,15,50
1,2025/4/10,16,50
1,2025/4/10,17,50
1,2025/4/10,18,50
1,2025/4/10,19,50
1,2025/4/10,20,50
1,2025/4/10,21,25
1,2025/4/10,22,25
1,2025/4/10,23,25
1,2025/4/11,0,25
1,2025/4/11,1,25
1,2025/4/11,2,25
1,2025/4/11,3,25
1,2025/4/11,4,25
1,2025/4/11,5,25
1,2025/4/11,6,25
1,2025/4/11,7,0
1,2025/4/11,8,25
1,2025/4/11,9,25
1,2025/4/11,10,25
1,2025/4/11,11,50
1,2025/4/11,12,50
1,2025/4/11,13,50
1,2025/4/11,14,50
1,2025/4/11,15,50
1,2025/4/11,16,50
1,2025/4/11,17,50
1,2025/4/11,18,50
1,2025/4/11,19,50
1,2025/4/11,20,50
1,2025/4/11,21,25
1,2025/4/11,22,25
1,2025/4/11,23,0
1,2025/4/12,0,0
1,2025/4/12,1,0
1,2025/4/12,2,0
1,2025/4/12,3,0
1,2025/4/12,4,0
1,2025/4/12,5,0
1,2025/4/12,6,0
1,2025/4/12,7,0
1,2025/4/12,8,0
1,2025/4/12,9,0
1,2025/4/12,10,0
1,2025/4/12,11,0
1,2025/4/12,12,0
1,2025/4/12,13,0
1,2025/4/12,14,0
1,2025/4/12,15,0
1,2025/4/12,16,25
1,2025/4/12,17,25
1,2025/4/12,18,25
1,2025/4/12,19,25
1,2025/4/12,20,25
1,2025/4/12,21,25
1,2025/4/12,22,25
1,2025/4/12,23,25
1,2025/4/13,0,25
1,2025/4/13,1,25
1,2025/4/13,2,25
1,2025/4/13,3,25
1,2025/4/13,4,25
1,2025/4/13,5,25
1,2025/4/13,6,25
1,2025/4/13,7,25
1,2025/4/13,8,25
1,2025/4/13,9,25
1,2025/4/13,10,25
1,2025/4/13,11,25
1,2025/4/13,12,25
1,2025/4/13,13,25
1,2025/4/13,14,25
1,2025/4/13,15,25
1,2025/4/13,16,25
1,2025/4/13,17,25
1,2025/4/13,18,25
1,2025/4/13,19,25
1,2025/4/13,20,25
1,2025/4/13,21,25
1,2025/4/13,22,25
1,2025/4/13,23,25
1,2025/4/14,0,25
1,2025/4/14,1,25
1,2025/4/14,2,25
1,2025/4/14,3,25
1,2025/4/14,4,25
1,2025/4/14,5,25
1,2025/4/14,6,25
1,2025/4/14,7,25
1,2025/4/14,8,50
1,2025/4/14,9,50
1,2025/4/14,10,50
1,2025/4/14,11,50
1,2025/4/14,12,50
1,2025/4/14,13,75
1,2025/4/14,14,75
1,2025/4/14,15,75
1,2025/4/14,16,75
1,2025/4/14,17,75
1,2025/4/14,18,75
1,2025/4/14,19,75
1,2025/4/14,20,50
1,2025/4/14,21,50
1,2025/4/14,22,25
1,2025/4/14,23,25
1,2025/4/15,0,25
1,2025/4/15,1,25
1,2025/4/15,2,25
1,2025/4/15,3,25
1,2025/4/15,4,25
1,2025/4/15,5,25
1,2025/4/15,6,25
1,2025/4/15,7,25
1,2025/4/15,8,25
1,2025/4/15,9,25
1,2025/4/15,10,25
1,2025/4/15,11,25
1,2025/4/15,12,25
1,2025/4/15,13,25
1,2025/4/15,14,0
1,2025/4/15,15,0
1,2025/4/15,16,0
1,2025/4/15,17,0
1,2025/4/15,18,0
1,2025/4/15,19,0
1,2025/4/15,20,0
1,2025/4/15,21,0
1,2025/4/15,22,0
1,2025/4/15,23,0
1,2025/4/16,0,0
1,2025/4/16,1,0
1,2025/4/16,2,0
1,2025/4/16,3,0
1,2025/4/16,4,0
1,2025/4/16,5,0
1,2025/4/16,6,0
1,2025/4/16,7,25
1,2025/4/16,8,50
1,2025/4/16,9,75
1,2025/4/16,10,66.67
1,2025/4/16,11,66.67
1,2025/4/16,12,75
1,2025/4/16,13,75
1,2025/4/16,14,75
1,2025/4/16,15,75
1,2025/4/16,16,75
1,2025/4/16,17,75
1,2025/4/16,18,75
1,2025/4/16,19,75
1,2025/4/16,20,75
1,2025/4/16,21,50
1,2025/4/16,22,25
1,2025/4/16,23,25
1,2025/4/17,0,25
1,2025/4/17,1,25
1,2025/4/17,2,25
1,2025/4/17,3,25
1,2025/4/17,4,25
1,2025/4/17,5,25
1,2025/4/17,6,25
1,2025/4/17,7,25
1,2025/4/17,8,75
1,2025/4/17,9,75
1,2025/4/17,10,75
1,2025/4/17,11,75
1,2025/4/17,12,75
1,2025/4/17,13,75
1,2025/4/17,14,75
1,2025/4/17,15,66.67
1,2025/4/17,16,75
1,2025/4/17,17,75
1,2025/4/17,18,75
1,2025/4/17,19,75
1,2025/4/17,20,50
1,2025/4/17,21,25
1,2025/4/17,22,25
1,2025/4/17,23,25
1,2025/4/18,0,25
1,2025/4/18,1,25
1,2025/4/18,2,25
1,2025/4/18,3,25
1,2025/4/18,4,25
1,2025/4/18,5,25
1,2025/4/18,6,25
1,2025/4/18,7,25
1,2025/4/18,8,25
1,2025/4/18,9,50
1,2025/4/18,10,25
1,2025/4/18,11,50
1,2025/4/18,12,50
1,2025/4/18,13,50
1,2025/4/18,14,25
1,2025/4/18,15,25
1,2025/4/18,16,25
1,2025/4/18,17,50
1,2025/4/18,18,50
1,2025/4/18,19,50
1,2025/4/18,20,50
1,2025/4/18,21,25
1,2025/4/18,22,25
1,2025/4/18,23,25
1,2025/4/19,0,25
1,2025/4/19,1,25
1,2025/4/19,2,25
1,2025/4/19,3,25
1,2025/4/19,4,25
1,2025/4/19,5,25
1,2025/4/19,6,25
1,2025/4/19,7,25
1,2025/4/19,8,25
1,2025/4/19,9,25
1,2025/4/19,10,25
1,2025/4/19,11,25
1,2025/4/19,12,25
1,2025/4/19,13,25
1,2025/4/19,14,25
1,2025/4/19,15,25
1,2025/4/19,16,25
1,2025/4/19,17,25
1,2025/4/19,18,25
1,2025/4/19,19,25
1,2025/4/19,20,25
1,2025/4/19,21,25
1,2025/4/19,22,25
1,2025/4/19,23,25
1,2025/4/20,0,25
1,2025/4/20,1,25
1,2025/4/20,2,25
1,2025/4/20,3,25
1,2025/4/20,4,25
1,2025/4/20,5,25
1,2025/4/20,6,25
1,2025/4/20,7,25
1,2025/4/20,8,25
1,2025/4/20,9,25
1,2025/4/20,10,25
1,2025/4/20,11,25
1,2025/4/20,12,0
1,2025/4/20,13,0
1,2025/4/20,14,0
1,2025/4/20,15,0
1,2025/4/20,16,0
1,2025/4/20,17,0
1,2025/4/20,18,0
1,2025/4/20,19,0
1,2025/4/20,20,0
1,2025/4/20,21,0
1,2025/4/20,22,0
1,2025/4/20,23,0
1,2025/4/21,0,0
1,2025/4/21,1,0
1,2025/4/21,2,0
1,2025/4/21,3,0
1,2025/4/21,4,0
1,2025/4/21,5,0
1,2025/4/21,6,0
1,2025/4/21,7,25
1,2025/4/21,8,25
1,2025/4/21,9,50
1,2025/4/21,10,50
1,2025/4/21,11,50
1,2025/4/21,12,75
1,2025/4/21,13,50
1,2025/4/21,14,60
1,2025/4/21,15,80
1,2025/4/21,16,80
1,2025/4/21,17,60
1,2025/4/21,18,40
1,2025/4/21,19,25
1,2025/4/21,20,40
1,2025/4/21,21,40
1,2025/4/21,22,40
1,2025/4/21,23,40
1,2025/4/22,0,40
1,2025/4/22,1,40
1,2025/4/22,2,40
1,2025/4/22,3,40
1,2025/4/22,4,40
1,2025/4/22,5,40
1,2025/4/22,6,40
1,2025/4/22,7,60
1,2025/4/22,8,60
1,2025/4/22,9,50
1,2025/4/22,10,75
1,2025/4/22,11,75
1,2025/4/22,12,75
1,2025/4/22,13,80
1,2025/4/22,14,80
1,2025/4/22,15,80
1,2025/4/22,16,80
1,2025/4/22,17,60
1,2025/4/22,18,40
1,2025/4/22,19,40
1,2025/4/22,20,40
1,2025/4/22,21,40
1,2025/4/22,22,40
1,2025/4/22,23,40
1,2025/4/23,0,40
1,2025/4/23,1,40
1,2025/4/23,2,40
1,2025/4/23,3,40
1,2025/4/23,4,40
1,2025/4/23,5,40
1,2025/4/23,6,40
1,2025/4/23,7,60
1,2025/4/23,8,60
1,2025/4/23,9,50
1,2025/4/23,10,75
1,2025/4/23,11,75
1,2025/4/23,12,75
1,2025/4/23,13,50
1,2025/4/23,14,50
1,2025/4/23,15,75
1,2025/4/23,16,75
1,2025/4/23,17,75
1,2025/4/23,18,50
1,2025/4/23,19,60
1,2025/4/23,20,60
1,2025/4/23,21,60
1,2025/4/23,22,40
1,2025/4/23,23,40
1,2025/4/24,0,40
1,2025/4/24,1,40
1,2025/4/24,2,40
1,2025/4/24,3,40
1,2025/4/24,4,40
1,2025/4/24,5,40
1,2025/4/24,6,40
1,2025/4/24,7,60
1,2025/4/24,8,60
1,2025/4/24,9,60
1,2025/4/24,10,60
1,2025/4/24,11,60
1,2025/4/24,12,100
1,2025/4/24,13,75
1,2025/4/24,14,75
1,2025/4/24,15,100
1,2025/4/24,16,100
1,2025/4/24,17,75
1,2025/4/24,18,80
1,2025/4/24,19,80
1,2025/4/24,20,60
1,2025/4/24,21,60
1,2025/4/24,22,40
1,2025/4/24,23,40
1,2025/4/25,0,40
1,2025/4/25,1,40
1,2025/4/25,2,40
1,2025/4/25,3,40
1,2025/4/25,4,40
1,2025/4/25,5,40
1,2025/4/25,6,40
1,2025/4/25,7,40
1,2025/4/25,8,40
1,2025/4/25,9,40
1,2025/4/25,10,50
1,2025/4/25,11,50
1,2025/4/25,12,50
1,2025/4/25,13,50
1,2025/4/25,14,50
1,2025/4/25,15,50
1,2025/4/25,16,50
1,2025/4/25,17,50
1,2025/4/25,18,25
1,2025/4/25,19,40
1,2025/4/25,20,40
1,2025/4/25,21,40
1,2025/4/25,22,40
1,2025/4/25,23,40
1,2025/4/26,0,40
1,2025/4/26,1,40
1,2025/4/26,2,40
1,2025/4/26,3,40
1,2025/4/26,4,40
1,2025/4/26,5,40
1,2025/4/26,6,40
1,2025/4/26,7,40
1,2025/4/26,8,40
1,2025/4/26,9,40
1,2025/4/26,10,40
1,2025/4/26,11,40
1,2025/4/26,12,40
1,2025/4/26,13,40
1,2025/4/26,14,40
1,2025/4/26,15,40
1,2025/4/26,16,40
1,2025/4/26,17,40
1,2025/4/26,18,40
1,2025/4/26,19,40
1,2025/4/26,20,40
1,2025/4/26,21,40
1,2025/4/26,22,40
1,2025/4/26,23,40
1,2025/4/27,0,40
1,2025/4/27,1,40
1,2025/4/27,2,40
1,2025/4/27,3,40
1,2025/4/27,4,40
1,2025/4/27,5,40
1,2025/4/27,6,40
1,2025/4/27,7,40
1,2025/4/27,8,60
1,2025/4/27,9,60
1,2025/4/27,10,80
1,2025/4/27,11,80
1,2025/4/27,12,80
1,2025/4/27,13,80
1,2025/4/27,14,50
1,2025/4/27,15,50
1,2025/4/27,16,50
1,2025/4/27,17,50
1,2025/4/27,18,50
1,2025/4/27,19,60
1,2025/4/27,20,60
1,2025/4/27,21,40
1,2025/4/27,22,40
1,2025/4/27,23,40
1,2025/4/28,0,40
1,2025/4/28,1,25
1,2025/4/28,2,25
1,2025/4/28,3,25
1,2025/4/28,4,40
1,2025/4/28,5,40
1,2025/4/28,6,40
1,2025/4/28,7,60
1,2025/4/28,8,60
1,2025/4/28,9,80
1,2025/4/28,10,80
1,2025/4/28,11,80
1,2025/4/28,12,60
1,2025/4/28,13,40
1,2025/4/28,14,60
1,2025/4/28,15,60
1,2025/4/28,16,40
1,2025/4/28,17,40
1,2025/4/28,18,40
1,2025/4/28,19,40
1,2025/4/28,20,40
1,2025/4/28,21,40
1,2025/4/28,22,40
1,2025/4/28,23,40
1,2025/4/29,0,40
1,2025/4/29,1,40
1,2025/4/29,2,40
1,2025/4/29,3,40
1,2025/4/29,4,40
1,2025/4/29,5,40
1,2025/4/29,6,40
1,2025/4/29,7,60
1,2025/4/29,8,80
1,2025/4/29,9,80
1,2025/4/29,10,80
1,2025/4/29,11,100
1,2025/4/29,12,100
1,2025/4/29,13,100
1,2025/4/29,14,80
1,2025/4/29,15,100
1,2025/4/29,16,100
1,2025/4/29,17,80
1,2025/4/29,18,80
1,2025/4/29,19,80
1,2025/4/29,20,80
1,2025/4/29,21,60
1,2025/4/29,22,40
1,2025/4/29,23,40
1,2025/4/30,0,40
1,2025/4/30,1,40
1,2025/4/30,2,40
1,2025/4/30,3,40
1,2025/4/30,4,40
1,2025/4/30,5,40
1,2025/4/30,6,40
1,2025/4/30,7,60
1,2025/4/30,8,60
1,2025/4/30,9,60
1,2025/4/30,10,60
1,2025/4/30,11,40
1,2025/4/30,12,40
1,2025/4/30,13,40
1,2025/4/30,14,40
1,2025/4/30,15,60
1,2025/4/30,16,60
1,2025/4/30,17,60
1,2025/4/30,18,40
1,2025/4/30,19,40
1,2025/4/30,20,40
1,2025/4/30,21,40
1,2025/4/30,22,40
1,2025/4/30,23,40
1,2025/5/1,0,40
1,2025/5/1,1,40
1,2025/5/1,2,40
1,2025/5/1,3,40
1,2025/5/1,4,40
1,2025/5/1,5,40
1,2025/5/1,6,40
1,2025/5/1,7,40
1,2025/5/1,8,40
1,2025/5/1,9,40
1,2025/5/1,10,40
1,2025/5/1,11,40
1,2025/5/1,12,40
1,2025/5/1,13,40
1,2025/5/1,14,40
1,2025/5/1,15,40
1,2025/5/1,16,40
1,2025/5/1,17,40
1,2025/5/1,18,40
1,2025/5/1,19,40
1,2025/5/1,20,40
1,2025/5/1,21,40
1,2025/5/1,22,40
1,2025/5/1,23,40
1,2025/5/2,0,40
1,2025/5/2,1,40
1,2025/5/2,2,40
1,2025/5/2,3,40
1,2025/5/2,4,40
1,2025/5/2,5,40
1,2025/5/2,6,40
1,2025/5/2,7,40
1,2025/5/2,8,40
1,2025/5/2,9,40
1,2025/5/2,10,40
1,2025/5/2,11,40
1,2025/5/2,12,40
1,2025/5/2,13,40
1,2025/5/2,14,40
1,2025/5/2,15,40
1,2025/5/2,16,40
1,2025/5/2,17,40
1,2025/5/2,18,40
1,2025/5/2,19,40
1,2025/5/2,20,40
1,2025/5/2,21,40
1,2025/5/2,22,40
1,2025/5/2,23,40
1,2025/5/3,0,40
1,2025/5/3,1,40
1,2025/5/3,2,40
1,2025/5/3,3,40
1,2025/5/3,4,40
1,2025/5/3,5,40
1,2025/5/3,6,40
1,2025/5/3,7,40
1,2025/5/3,8,40
1,2025/5/3,9,40
1,2025/5/3,10,40
1,2025/5/3,11,40
1,2025/5/3,12,40
1,2025/5/3,13,40
1,2025/5/3,14,40
1,2025/5/3,15,40
1,2025/5/3,16,40
1,2025/5/3,17,40
1,2025/5/3,18,40
1,2025/5/3,19,40
1,2025/5/3,20,40
1,2025/5/3,21,40
1,2025/5/3,22,25
1,2025/5/3,23,25
1,2025/5/4,0,25
1,2025/5/4,1,25
1,2025/5/4,2,25
1,2025/5/4,3,25
1,2025/5/4,4,25
1,2025/5/4,5,25
1,2025/5/4,6,25
1,2025/5/4,7,25
1,2025/5/4,8,25
1,2025/5/4,9,25
1,2025/5/4,10,40
1,2025/5/4,11,40
1,2025/5/4,12,40
1,2025/5/4,13,40
1,2025/5/4,14,40
1,2025/5/4,15,40
1,2025/5/4,16,40
1,2025/5/4,17,40
1,2025/5/4,18,40
1,2025/5/4,19,40
1,2025/5/4,20,40
1,2025/5/4,21,40
1,2025/5/4,22,20
1,2025/5/4,23,20
1,2025/5/5,0,20
1,2025/5/5,1,20
1,2025/5/5,2,20
1,2025/5/5,3,20
1,2025/5/5,4,20
1,2025/5/5,5,20
1,2025/5/5,6,20
1,2025/5/5,7,20
1,2025/5/5,8,0
1,2025/5/5,9,0
1,2025/5/5,10,0
1,2025/5/5,11,0
1,2025/5/5,12,0
1,2025/5/5,13,0
1,2025/5/5,14,0
1,2025/5/5,15,0
1,2025/5/5,16,0
1,2025/5/5,17,0
1,2025/5/5,18,0
1,2025/5/5,19,20
1,2025/5/5,20,20
1,2025/5/5,21,20
1,2025/5/5,22,20
1,2025/5/5,23,0
1,2025/5/6,0,0
1,2025/5/6,1,0
1,2025/5/6,2,0
1,2025/5/6,3,0
1,2025/5/6,4,0
1,2025/5/6,5,20
1,2025/5/6,6,20
1,2025/5/6,7,20
1,2025/5/6,8,40
1,2025/5/6,9,71.43
1,2025/5/6,10,85.71
1,2025/5/6,11,85.71
1,2025/5/6,12,85.71
1,2025/5/6,13,85.71
1,2025/5/6,14,87.5
1,2025/5/6,15,87.5
1,2025/5/6,16,87.5
1,2025/5/6,17,87.5
1,2025/5/6,18,62.5
1,2025/5/6,19,62.5
1,2025/5/6,20,37.5
1,2025/5/6,21,25
1,2025/5/6,22,25
1,2025/5/6,23,25
1,2025/5/7,0,25
1,2025/5/7,1,25
1,2025/5/7,2,25
1,2025/5/7,3,25
1,2025/5/7,4,25
1,2025/5/7,5,25
1,2025/5/7,6,25
1,2025/5/7,7,25
1,2025/5/7,8,75
1,2025/5/7,9,71.43
1,2025/5/7,10,71.43
1,2025/5/7,11,85.71
1,2025/5/7,12,85.71
1,2025/5/7,13,87.5
1,2025/5/7,14,75
1,2025/5/7,15,87.5
1,2025/5/7,16,62.5
1,2025/5/7,17,75
1,2025/5/7,18,71.43
1,2025/5/7,19,71.43
1,2025/5/7,20,42.86
1,2025/5/7,21,37.5
1,2025/5/7,22,25
1,2025/5/7,23,20
1,2025/5/8,0,16.67
1,2025/5/8,1,16.67
1,2025/5/8,2,16.67
1,2025/5/8,3,20
1,2025/5/8,4,25
1,2025/5/8,5,25
1,2025/5/8,6,25
1,2025/5/8,7,40
1,2025/5/8,8,50
1,2025/5/8,9,50
1,2025/5/8,10,50
1,2025/5/8,11,50
1,2025/5/8,12,50
1,2025/5/8,13,75
1,2025/5/8,14,75
1,2025/5/8,15,75
1,2025/5/8,16,60
1,2025/5/8,17,40
1,2025/5/8,18,40
1,2025/5/8,19,25
1,2025/5/8,20,40
1,2025/5/8,21,40
1,2025/5/8,22,40
1,2025/5/8,23,25
1,2025/5/9,0,25
1,2025/5/9,1,25
1,2025/5/9,2,25
1,2025/5/9,3,25
1,2025/5/9,4,25
1,2025/5/9,5,25
1,2025/5/9,6,25
1,2025/5/9,7,50
1,2025/5/9,8,50
1,2025/5/9,9,50
1,2025/5/9,10,50
1,2025/5/9,11,50
1,2025/5/9,12,75
1,2025/5/9,13,75
1,2025/5/9,14,80
1,2025/5/9,15,80
1,2025/5/9,16,80
1,2025/5/9,17,60
1,2025/5/9,18,50
1,2025/5/9,19,60
1,2025/5/9,20,40
1,2025/5/9,21,40
1,2025/5/9,22,40
1,2025/5/9,23,40
1,2025/5/10,0,40
1,2025/5/10,1,40
1,2025/5/10,2,40
1,2025/5/10,3,40
1,2025/5/10,4,40
1,2025/5/10,5,40
1,2025/5/10,6,40
1,2025/5/10,7,40
1,2025/5/10,8,40
1,2025/5/10,9,25
1,2025/5/10,10,50
1,2025/5/10,11,25
1,2025/5/10,12,40
1,2025/5/10,13,40
1,2025/5/10,14,40
1,2025/5/10,15,40
1,2025/5/10,16,40
1,2025/5/10,17,40
1,2025/5/10,18,25
1,2025/5/10,19,25
1,2025/5/10,20,25
1,2025/5/10,21,25
1,2025/5/10,22,25
1,2025/5/10,23,25
1,2025/5/11,0,25
1,2025/5/11,1,25
1,2025/5/11,2,25
1,2025/5/11,3,25
1,2025/5/11,4,25
1,2025/5/11,5,25
1,2025/5/11,6,25
1,2025/5/11,7,25
1,2025/5/11,8,25
1,2025/5/11,9,25
1,2025/5/11,10,25
1,2025/5/11,11,25
1,2025/5/11,12,25
1,2025/5/11,13,25
1,2025/5/11,14,25
1,2025/5/11,15,37.5
1,2025/5/11,16,37.5
1,2025/5/11,17,37.5
1,2025/5/11,18,37.5
1,2025/5/11,19,37.5
1,2025/5/11,20,37.5
1,2025/5/11,21,25
1,2025/5/11,22,25
1,2025/5/11,23,25
1,2025/5/12,0,25
1,2025/5/12,1,25
1,2025/5/12,2,25
1,2025/5/12,3,25
1,2025/5/12,4,25
1,2025/5/12,5,25
1,2025/5/12,6,25
1,2025/5/12,7,25
1,2025/5/12,8,57.14
1,2025/5/12,9,62.5
1,2025/5/12,10,75
1,2025/5/12,11,62.5
1,2025/5/12,12,57.14
1,2025/5/12,13,71.43
1,2025/5/12,14,71.43
1,2025/5/12,15,71.43
1,2025/5/12,16,71.43
1,2025/5/12,17,57.14
1,2025/5/12,18,42.86
1,2025/5/12,19,14.29
1,2025/5/12,20,14.29
1,2025/5/12,21,14.29
1,2025/5/12,22,14.29
1,2025/5/12,23,14.29
1,2025/5/13,0,14.29
1,2025/5/13,1,14.29
1,2025/5/13,2,14.29
1,2025/5/13,3,14.29
1,2025/5/13,4,14.29
1,2025/5/13,5,14.29
1,2025/5/13,6,14.29
1,2025/5/13,7,25
1,2025/5/13,8,50
1,2025/5/13,9,57.14
1,2025/5/13,10,62.5
1,2025/5/13,11,50
1,2025/5/13,12,50
1,2025/5/13,13,62.5
1,2025/5/13,14,62.5
1,2025/5/13,15,62.5
1,2025/5/13,16,62.5
1,2025/5/13,17,37.5
1,2025/5/13,18,37.5
1,2025/5/13,19,25
1,2025/5/13,20,25
1,2025/5/13,21,12.5
1,2025/5/13,22,12.5
1,2025/5/13,23,12.5
1,2025/5/14,0,12.5
1,2025/5/14,1,12.5
1,2025/5/14,2,12.5
1,2025/5/14,3,12.5
1,2025/5/14,4,12.5
1,2025/5/14,5,12.5
1,2025/5/14,6,12.5
1,2025/5/14,7,12.5
1,2025/5/14,8,37.5
1,2025/5/14,9,37.5
1,2025/5/14,10,42.86
1,2025/5/14,11,42.86
1,2025/5/14,12,37.5
1,2025/5/14,13,37.5
1,2025/5/14,14,37.5
1,2025/5/14,15,37.5
1,2025/5/14,16,37.5
1,2025/5/14,17,25
1,2025/5/14,18,25
1,2025/5/14,19,12.5
1,2025/5/14,20,12.5
1,2025/5/14,21,12.5
1,2025/5/14,22,25
1,2025/5/14,23,14.29
1,2025/5/15,0,14.29
1,2025/5/15,1,14.29
1,2025/5/15,2,14.29
1,2025/5/15,3,14.29
1,2025/5/15,4,14.29
1,2025/5/15,5,14.29
1,2025/5/15,6,14.29
1,2025/5/15,7,28.57
1,2025/5/15,8,37.5
1,2025/5/15,9,14.29
1,2025/5/15,10,37.5
1,2025/5/15,11,37.5
1,2025/5/15,12,42.86
1,2025/5/15,13,28.57
1,2025/5/15,14,28.57
1,2025/5/15,15,28.57
1,2025/5/15,16,42.86
1,2025/5/15,17,28.57
1,2025/5/15,18,28.57
1,2025/5/15,19,37.5
1,2025/5/15,20,28.57
1,2025/5/15,21,28.57
1,2025/5/15,22,14.29
1,2025/5/15,23,14.29
1,2025/5/16,0,14.29
1,2025/5/16,1,14.29
1,2025/5/16,2,14.29
1,2025/5/16,3,14.29
1,2025/5/16,4,14.29
1,2025/5/16,5,14.29
1,2025/5/16,6,14.29
1,2025/5/16,7,14.29
1,2025/5/16,8,62.5
1,2025/5/16,9,57.14
1,2025/5/16,10,42.86
1,2025/5/16,11,42.86
1,2025/5/16,12,62.5
1,2025/5/16,13,50
1,2025/5/16,14,50
1,2025/5/16,15,50
1,2025/5/16,16,50
1,2025/5/16,17,42.86
1,2025/5/16,18,42.86
1,2025/5/16,19,42.86
1,2025/5/16,20,28.57
1,2025/5/16,21,14.29
1,2025/5/16,22,14.29
1,2025/5/16,23,14.29
1,2025/5/17,0,14.29
1,2025/5/17,1,14.29
1,2025/5/17,2,14.29
1,2025/5/17,3,14.29
1,2025/5/17,4,14.29
1,2025/5/17,5,14.29
1,2025/5/17,6,14.29
1,2025/5/17,7,14.29
1,2025/5/17,8,28.57
1,2025/5/17,9,28.57
1,2025/5/17,10,28.57
1,2025/5/17,11,28.57
1,2025/5/17,12,28.57
1,2025/5/17,13,37.5
1,2025/5/17,14,28.57
1,2025/5/17,15,28.57
1,2025/5/17,16,28.57
1,2025/5/17,17,28.57
1,2025/5/17,18,28.57
1,2025/5/17,19,28.57
1,2025/5/17,20,14.29
1,2025/5/17,21,14.29
1,2025/5/17,22,14.29
1,2025/5/17,23,14.29
1,2025/5/18,0,14.29
1,2025/5/18,1,14.29
1,2025/5/18,2,14.29
1,2025/5/18,3,14.29
1,2025/5/18,4,14.29
1,2025/5/18,5,14.29
1,2025/5/18,6,14.29
1,2025/5/18,7,14.29
1,2025/5/18,8,14.29
1,2025/5/18,9,14.29
1,2025/5/18,10,14.29
1,2025/5/18,11,0
1,2025/5/18,12,0
1,2025/5/18,13,14.29
1,2025/5/18,14,14.29
1,2025/5/18,15,14.29
1,2025/5/18,16,28.57
1,2025/5/18,17,28.57
1,2025/5/18,18,28.57
1,2025/5/18,19,28.57
1,2025/5/18,20,14.29
1,2025/5/18,21,14.29
1,2025/5/18,22,14.29
1,2025/5/18,23,14.29
1,2025/5/19,0,14.29
1,2025/5/19,1,14.29
1,2025/5/19,2,14.29
1,2025/5/19,3,14.29
1,2025/5/19,4,14.29
1,2025/5/19,5,14.29
1,2025/5/19,6,14.29
1,2025/5/19,7,25
1,2025/5/19,8,50
1,2025/5/19,9,42.86
1,2025/5/19,10,57.14
1,2025/5/19,11,71.43
1,2025/5/19,12,57.14
1,2025/5/19,13,57.14
1,2025/5/19,14,71.43
1,2025/5/19,15,42.86
1,2025/5/19,16,42.86
1,2025/5/19,17,42.86
1,2025/5/19,18,42.86
1,2025/5/19,19,28.57
1,2025/5/19,20,14.29
1,2025/5/19,21,0
1,2025/5/19,22,0
1,2025/5/19,23,0
1,2025/5/20,0,0
1,2025/5/20,1,0
1,2025/5/20,2,0
1,2025/5/20,3,0
1,2025/5/20,4,0
1,2025/5/20,5,0
1,2025/5/20,6,0
1,2025/5/20,7,25
1,2025/5/20,8,42.86
1,2025/5/20,9,42.86
1,2025/5/20,10,57.14
1,2025/5/20,11,57.14
1,2025/5/20,12,71.43
1,2025/5/20,13,85.71
1,2025/5/20,14,85.71
1,2025/5/20,15,85.71
1,2025/5/20,16,85.71
1,2025/5/20,17,71.43
1,2025/5/20,18,71.43
1,2025/5/20,19,71.43
1,2025/5/20,20,57.14
1,2025/5/20,21,28.57
1,2025/5/20,22,14.29
1,2025/5/20,23,14.29
1,2025/5/21,0,14.29
1,2025/5/21,1,14.29
1,2025/5/21,2,14.29
1,2025/5/21,3,14.29
1,2025/5/21,4,14.29
1,2025/5/21,5,14.29
1,2025/5/21,6,14.29
1,2025/5/21,7,14.29
1,2025/5/21,8,57.14
1,2025/5/21,9,71.43
1,2025/5/21,10,71.43
1,2025/5/21,11,85.71
1,2025/5/21,12,83.33
1,2025/5/21,13,83.33
1,2025/5/21,14,83.33
1,2025/5/21,15,83.33
1,2025/5/21,16,83.33
1,2025/5/21,17,66.67
1,2025/5/21,18,66.67
1,2025/5/21,19,75
1,2025/5/21,20,57.14
1,2025/5/21,21,28.57
1,2025/5/21,22,25
1,2025/5/21,23,14.29
1,2025/5/22,0,14.29
1,2025/5/22,1,14.29
1,2025/5/22,2,14.29
1,2025/5/22,3,14.29
1,2025/5/22,4,14.29
1,2025/5/22,5,14.29
1,2025/5/22,6,14.29
1,2025/5/22,7,14.29
1,2025/5/22,8,42.86
1,2025/5/22,9,62.5
1,2025/5/22,10,62.5
1,2025/5/22,11,42.86
1,2025/5/22,12,71.43
1,2025/5/22,13,71.43
1,2025/5/22,14,57.14
1,2025/5/22,15,57.14
1,2025/5/22,16,85.71
1,2025/5/22,17,75
1,2025/5/22,18,71.43
1,2025/5/22,19,42.86
1,2025/5/22,20,28.57
1,2025/5/22,21,28.57
1,2025/5/22,22,14.29
1,2025/5/22,23,14.29
1,2025/5/23,0,14.29
1,2025/5/23,1,14.29
1,2025/5/23,2,14.29
1,2025/5/23,3,14.29
1,2025/5/23,4,14.29
1,2025/5/23,5,14.29
1,2025/5/23,6,14.29
1,2025/5/23,7,37.5
1,2025/5/23,8,37.5
1,2025/5/23,9,28.57
1,2025/5/23,10,42.86
1,2025/5/23,11,57.14
1,2025/5/23,12,57.14
1,2025/5/23,13,62.5
1,2025/5/23,14,62.5
1,2025/5/23,15,62.5
1,2025/5/23,16,62.5
1,2025/5/23,17,42.86
1,2025/5/23,18,42.86
1,2025/5/23,19,50
1,2025/5/23,20,50
1,2025/5/23,21,25
1,2025/5/23,22,25
1,2025/5/23,23,25
1,2025/5/24,0,25
1,2025/5/24,1,25
1,2025/5/24,2,25
1,2025/5/24,3,25
1,2025/5/24,4,25
1,2025/5/24,5,25
1,2025/5/24,6,25
1,2025/5/24,7,25
1,2025/5/24,8,37.5
1,2025/5/24,9,25
1,2025/5/24,10,25
1,2025/5/24,11,25
1,2025/5/24,12,37.5
1,2025/5/24,13,37.5
1,2025/5/24,14,37.5
1,2025/5/24,15,37.5
1,2025/5/24,16,37.5
1,2025/5/24,17,37.5
1,2025/5/24,18,25
1,2025/5/24,19,25
1,2025/5/24,20,25
1,2025/5/24,21,25
1,2025/5/24,22,25
1,2025/5/24,23,25
1,2025/5/25,0,25
1,2025/5/25,1,25
1,2025/5/25,2,25
1,2025/5/25,3,25
1,2025/5/25,4,25
1,2025/5/25,5,25
1,2025/5/25,6,25
1,2025/5/25,7,25
1,2025/5/25,8,25
1,2025/5/25,9,25
1,2025/5/25,10,25
1,2025/5/25,11,25
1,2025/5/25,12,25
1,2025/5/25,13,25
1,2025/5/25,14,25
1,2025/5/25,15,25
1,2025/5/25,16,25
1,2025/5/25,17,25
1,2025/5/25,18,25
1,2025/5/25,19,25
1,2025/5/25,20,25
1,2025/5/25,21,25
1,2025/5/25,22,25
1,2025/5/25,23,25
1,2025/5/26,0,25
1,2025/5/26,1,25
1,2025/5/26,2,25
1,2025/5/26,3,25
1,2025/5/26,4,25
1,2025/5/26,5,25
1,2025/5/26,6,25
1,2025/5/26,7,25
1,2025/5/26,8,42.86
1,2025/5/26,9,42.86
1,2025/5/26,10,57.14
1,2025/5/26,11,71.43
1,2025/5/26,12,71.43
1,2025/5/26,13,71.43
1,2025/5/26,14,75
1,2025/5/26,15,71.43
1,2025/5/26,16,71.43
1,2025/5/26,17,71.43
1,2025/5/26,18,71.43
1,2025/5/26,19,62.5
1,2025/5/26,20,87.5
1,2025/5/26,21,37.5
1,2025/5/26,22,25
1,2025/5/26,23,14.29
1,2025/5/27,0,14.29
1,2025/5/27,1,14.29
1,2025/5/27,2,14.29
1,2025/5/27,3,14.29
1,2025/5/27,4,14.29
1,2025/5/27,5,14.29
1,2025/5/27,6,14.29
1,2025/5/27,7,37.5
1,2025/5/27,8,62.5
1,2025/5/27,9,71.43
1,2025/5/27,10,85.71
1,2025/5/27,11,71.43
1,2025/5/27,12,85.71
1,2025/5/27,13,85.71
1,2025/5/27,14,85.71
1,2025/5/27,15,71.43
1,2025/5/27,16,71.43
1,2025/5/27,17,57.14
1,2025/5/27,18,42.86
1,2025/5/27,19,42.86
1,2025/5/27,20,37.5
1,2025/5/27,21,37.5
1,2025/5/27,22,14.29
1,2025/5/27,23,14.29
1,2025/5/28,0,14.29
1,2025/5/28,1,14.29
1,2025/5/28,2,14.29
1,2025/5/28,3,14.29
1,2025/5/28,4,14.29
1,2025/5/28,5,14.29
1,2025/5/28,6,14.29
1,2025/5/28,7,25
1,2025/5/28,8,50
1,2025/5/28,9,85.71
1,2025/5/28,10,71.43
1,2025/5/28,11,66.67
1,2025/5/28,12,50
1,2025/5/28,13,50
1,2025/5/28,14,66.67
1,2025/5/28,15,66.67
1,2025/5/28,16,66.67
1,2025/5/28,17,50
1,2025/5/28,18,57.14
1,2025/5/28,19,50
1,2025/5/28,20,37.5
1,2025/5/28,21,25
1,2025/5/28,22,25
1,2025/5/28,23,14.29
1,2025/5/29,0,14.29
1,2025/5/29,1,14.29
1,2025/5/29,2,14.29
1,2025/5/29,3,14.29
1,2025/5/29,4,14.29
1,2025/5/29,5,14.29
1,2025/5/29,6,14.29
1,2025/5/29,7,37.5
1,2025/5/29,8,50
1,2025/5/29,9,57.14
1,2025/5/29,10,62.5
1,2025/5/29,11,62.5
1,2025/5/29,12,87.5
1,2025/5/29,13,75
1,2025/5/29,14,75
1,2025/5/29,15,50
1,2025/5/29,16,62.5
1,2025/5/29,17,62.5
1,2025/5/29,18,42.86
1,2025/5/29,19,42.86
1,2025/5/29,20,14.29
1,2025/5/29,21,14.29
1,2025/5/29,22,25
1,2025/5/29,23,14.29
1,2025/5/30,0,14.29
1,2025/5/30,1,14.29
1,2025/5/30,2,14.29
1,2025/5/30,3,14.29
1,2025/5/30,4,14.29
1,2025/5/30,5,14.29
1,2025/5/30,6,14.29
1,2025/5/30,7,37.5
1,2025/5/30,8,62.5
1,2025/5/30,9,85.71
1,2025/5/30,10,85.71
1,2025/5/30,11,71.43
1,2025/5/30,12,85.71
1,2025/5/30,13,85.71
1,2025/5/30,14,71.43
1,2025/5/30,15,85.71
1,2025/5/30,16,71.43
1,2025/5/30,17,57.14
1,2025/5/30,18,57.14
1,2025/5/30,19,57.14
1,2025/5/30,20,28.57
1,2025/5/30,21,14.29
1,2025/5/30,22,14.29
1,2025/5/30,23,14.29
1,2025/5/31,0,14.29
1,2025/5/31,1,14.29
1,2025/5/31,2,14.29
1,2025/5/31,3,14.29
1,2025/5/31,4,14.29
1,2025/5/31,5,14.29
1,2025/5/31,6,14.29
1,2025/5/31,7,14.29
1,2025/5/31,8,14.29
1,2025/5/31,9,14.29
1,2025/5/31,10,14.29
1,2025/5/31,11,14.29
1,2025/5/31,12,14.29
1,2025/5/31,13,14.29
1,2025/5/31,14,14.29
1,2025/5/31,15,14.29
1,2025/5/31,16,14.29
1,2025/5/31,17,14.29
1,2025/5/31,18,14.29
1,2025/5/31,19,14.29
1,2025/5/31,20,14.29
1,2025/5/31,21,14.29
1,2025/5/31,22,14.29
1,2025/5/31,23,14.29
1,2025/6/1,0,14.29
1,2025/6/1,1,14.29
1,2025/6/1,2,14.29
1,2025/6/1,3,14.29
1,2025/6/1,4,14.29
1,2025/6/1,5,14.29
1,2025/6/1,6,14.29
1,2025/6/1,7,14.29
1,2025/6/1,8,14.29
1,2025/6/1,9,14.29
1,2025/6/1,10,14.29
1,2025/6/1,11,14.29
1,2025/6/1,12,14.29
1,2025/6/1,13,14.29
1,2025/6/1,14,14.29
1,2025/6/1,15,14.29
1,2025/6/1,16,14.29
1,2025/6/1,17,14.29
1,2025/6/1,18,14.29
1,2025/6/1,19,14.29
1,2025/6/1,20,14.29
1,2025/6/1,21,14.29
1,2025/6/1,22,14.29
1,2025/6/1,23,14.29
1,2025/6/2,0,14.29
1,2025/6/2,1,14.29
1,2025/6/2,2,14.29
1,2025/6/2,3,14.29
1,2025/6/2,4,14.29
1,2025/6/2,5,14.29
1,2025/6/2,6,14.29
1,2025/6/2,7,14.29
1,2025/6/2,8,14.29
1,2025/6/2,9,14.29
1,2025/6/2,10,14.29
1,2025/6/2,11,14.29
1,2025/6/2,12,14.29
1,2025/6/2,13,14.29
1,2025/6/2,14,14.29
1,2025/6/2,15,14.29
1,2025/6/2,16,14.29
1,2025/6/2,17,14.29
1,2025/6/2,18,14.29
1,2025/6/2,19,14.29
1,2025/6/2,20,14.29
1,2025/6/2,21,14.29
1,2025/6/2,22,14.29
1,2025/6/2,23,14.29
1,2025/6/3,0,14.29
1,2025/6/3,1,14.29
1,2025/6/3,2,14.29
1,2025/6/3,3,14.29
1,2025/6/3,4,14.29
1,2025/6/3,5,14.29
1,2025/6/3,6,14.29
1,2025/6/3,7,14.29
1,2025/6/3,8,57.14
1,2025/6/3,9,71.43
1,2025/6/3,10,71.43
1,2025/6/3,11,71.43
1,2025/6/3,12,85.71
1,2025/6/3,13,85.71
1,2025/6/3,14,85.71
1,2025/6/3,15,85.71
1,2025/6/3,16,85.71
1,2025/6/3,17,71.43
1,2025/6/3,18,57.14
1,2025/6/3,19,57.14
1,2025/6/3,20,42.86
1,2025/6/3,21,14.29
1,2025/6/3,22,14.29
1,2025/6/3,23,14.29
1,2025/6/4,0,14.29
1,2025/6/4,1,14.29
1,2025/6/4,2,14.29
1,2025/6/4,3,14.29
1,2025/6/4,4,14.29
1,2025/6/4,5,14.29
1,2025/6/4,6,14.29
1,2025/6/4,7,14.29
1,2025/6/4,8,42.86
1,2025/6/4,9,71.43
1,2025/6/4,10,71.43
1,2025/6/4,11,66.67
1,2025/6/4,12,66.67
1,2025/6/4,13,66.67
1,2025/6/4,14,50
1,2025/6/4,15,50
1,2025/6/4,16,57.14
1,2025/6/4,17,71.43
1,2025/6/4,18,57.14
1,2025/6/4,19,57.14
1,2025/6/4,20,57.14
1,2025/6/4,21,28.57
1,2025/6/4,22,14.29
1,2025/6/4,23,14.29
1,2025/6/5,0,14.29
1,2025/6/5,1,14.29
1,2025/6/5,2,14.29
1,2025/6/5,3,14.29
1,2025/6/5,4,14.29
1,2025/6/5,5,14.29
1,2025/6/5,6,14.29
1,2025/6/5,7,14.29
1,2025/6/5,8,57.14
1,2025/6/5,9,71.43
1,2025/6/5,10,71.43
1,2025/6/5,11,71.43
1,2025/6/5,12,71.43
1,2025/6/5,13,71.43
1,2025/6/5,14,71.43
1,2025/6/5,15,71.43
1,2025/6/5,16,71.43
1,2025/6/5,17,57.14
1,2025/6/5,18,57.14
1,2025/6/5,19,28.57
1,2025/6/5,20,28.57
1,2025/6/5,21,28.57
1,2025/6/5,22,14.29
1,2025/6/5,23,14.29
1,2025/6/6,0,14.29
1,2025/6/6,1,14.29
1,2025/6/6,2,14.29
1,2025/6/6,3,14.29
1,2025/6/6,4,14.29
1,2025/6/6,5,14.29
1,2025/6/6,6,14.29
1,2025/6/6,7,28.57
1,2025/6/6,8,57.14
1,2025/6/6,9,71.43
1,2025/6/6,10,85.71
