-- TDengine 3.x 测试数据脚本
-- 请确保已经执行了建表脚本并且USE animal_husbandry

-- 为瘤胃胶囊DEV-CAP-001生成测试数据 (正常数据)
INSERT INTO telemetry_dev_cap_001 VALUES 
('2025-01-15 08:00:00', 38.7, 4500, 6.8, NULL, NULL, NULL, 88, -85, 8.2),
('2025-01-15 10:00:00', 38.9, 5200, 6.7, NULL, NULL, NULL, 87, -88, 7.8),
('2025-01-15 12:00:00', 39.1, 6800, 6.9, NULL, NULL, NULL, 86, -82, 8.5),
('2025-01-15 14:00:00', 39.0, 7200, 6.8, NULL, NULL, NULL, 85, -86, 8.0),
('2025-01-15 16:00:00', 38.8, 5800, 6.7, NULL, NULL, NULL, 84, -89, 7.5),
('2025-01-15 18:00:00', 38.6, 4200, 6.8, NULL, NULL, NULL, 83, -87, 7.9),
('2025-01-15 20:00:00', 38.5, 3500, 6.9, NULL, NULL, NULL, 82, -85, 8.1),
('2025-01-15 22:00:00', 38.4, 3000, 6.8, NULL, NULL, NULL, 81, -88, 7.7),
('2025-01-16 00:00:00', 38.3, 2800, 6.7, NULL, NULL, NULL, 80, -90, 7.3),
('2025-01-16 02:00:00', 38.2, 2500, 6.8, NULL, NULL, NULL, 79, -87, 7.8),
('2025-01-16 04:00:00', 38.4, 2800, 6.9, NULL, NULL, NULL, 78, -85, 8.0),
('2025-01-16 06:00:00', 38.6, 3200, 6.8, NULL, NULL, NULL, 77, -88, 7.6),
('2025-01-16 08:00:00', 38.8, 4800, 6.7, NULL, NULL, NULL, 76, -86, 8.2),
('2025-01-16 10:00:00', 39.0, 5500, 6.8, NULL, NULL, NULL, 75, -89, 7.4),
('2025-01-16 12:00:00', 39.2, 7000, 6.9, NULL, NULL, NULL, 74, -87, 7.9),
('2025-01-16 14:00:00', 39.1, 7500, 6.8, NULL, NULL, NULL, 73, -85, 8.1),
('2025-01-16 16:00:00', 38.9, 6200, 6.7, NULL, NULL, NULL, 72, -88, 7.7),
('2025-01-16 18:00:00', 38.7, 4600, 6.8, NULL, NULL, NULL, 71, -86, 8.0),
('2025-01-16 20:00:00', 38.5, 3800, 6.9, NULL, NULL, NULL, 70, -89, 7.5),
('2025-01-16 22:00:00', 38.4, 3200, 6.8, NULL, NULL, NULL, 69, -87, 7.8);

-- 为瘤胃胶囊DEV-CAP-002生成测试数据 (告警数据 - 高体温)
INSERT INTO telemetry_dev_cap_002 VALUES 
('2025-01-15 08:00:00', 39.8, 2100, 6.3, NULL, NULL, NULL, 95, -82, 9.1),
('2025-01-15 10:00:00', 40.0, 1800, 6.2, NULL, NULL, NULL, 94, -85, 8.8),
('2025-01-15 12:00:00', 40.2, 1500, 6.1, NULL, NULL, NULL, 93, -88, 8.5),
('2025-01-15 14:00:00', 40.3, 1200, 6.0, NULL, NULL, NULL, 92, -86, 8.7),
('2025-01-15 16:00:00', 40.1, 1400, 6.1, NULL, NULL, NULL, 91, -89, 8.3),
('2025-01-15 18:00:00', 39.9, 1600, 6.2, NULL, NULL, NULL, 90, -87, 8.6),
('2025-01-15 20:00:00', 39.8, 1800, 6.3, NULL, NULL, NULL, 89, -85, 8.9),
('2025-01-15 22:00:00', 39.7, 2000, 6.4, NULL, NULL, NULL, 88, -88, 8.4),
('2025-01-16 00:00:00', 39.6, 1900, 6.3, NULL, NULL, NULL, 87, -90, 8.1),
('2025-01-16 02:00:00', 39.5, 1700, 6.2, NULL, NULL, NULL, 86, -87, 8.5),
('2025-01-16 04:00:00', 39.7, 1800, 6.3, NULL, NULL, NULL, 85, -85, 8.8),
('2025-01-16 06:00:00', 39.9, 2000, 6.4, NULL, NULL, NULL, 84, -88, 8.2),
('2025-01-16 08:00:00', 40.1, 1600, 6.1, NULL, NULL, NULL, 83, -86, 8.6),
('2025-01-16 10:00:00', 40.3, 1300, 6.0, NULL, NULL, NULL, 82, -89, 8.3),
('2025-01-16 12:00:00', 40.5, 1100, 5.9, NULL, NULL, NULL, 81, -87, 8.7),
('2025-01-16 14:00:00', 40.4, 1200, 6.0, NULL, NULL, NULL, 80, -85, 8.9),
('2025-01-16 16:00:00', 40.2, 1400, 6.1, NULL, NULL, NULL, 79, -88, 8.4),
('2025-01-16 18:00:00', 40.0, 1600, 6.2, NULL, NULL, NULL, 78, -86, 8.1),
('2025-01-16 20:00:00', 39.8, 1800, 6.3, NULL, NULL, NULL, 77, -89, 8.5),
('2025-01-16 22:00:00', 39.7, 2000, 6.4, NULL, NULL, NULL, 76, -87, 8.8);

-- 为追踪器DEV-TRK-001生成测试数据 (正常GPS和步数)
INSERT INTO telemetry_dev_trk_001 VALUES 
('2025-01-15 08:00:00', NULL, NULL, NULL, 15000, 119.758123, 49.217234, 100, -92, 7.2),
('2025-01-15 10:00:00', NULL, NULL, NULL, 16200, 119.758234, 49.217345, 99, -95, 6.8),
('2025-01-15 12:00:00', NULL, NULL, NULL, 17800, 119.758345, 49.217456, 98, -88, 7.5),
('2025-01-15 14:00:00', NULL, NULL, NULL, 19200, 119.758456, 49.217567, 97, -91, 7.1),
('2025-01-15 16:00:00', NULL, NULL, NULL, 18600, 119.758567, 49.217678, 96, -94, 6.9),
('2025-01-15 18:00:00', NULL, NULL, NULL, 17200, 119.758456, 49.217567, 95, -89, 7.3),
('2025-01-15 20:00:00', NULL, NULL, NULL, 15800, 119.758345, 49.217456, 94, -92, 7.0),
('2025-01-15 22:00:00', NULL, NULL, NULL, 14500, 119.758234, 49.217345, 93, -95, 6.7),
('2025-01-16 00:00:00', NULL, NULL, NULL, 13200, 119.758123, 49.217234, 92, -88, 7.4),
('2025-01-16 02:00:00', NULL, NULL, NULL, 12800, 119.758012, 49.217123, 91, -91, 7.1),
('2025-01-16 04:00:00', NULL, NULL, NULL, 13500, 119.758123, 49.217234, 90, -94, 6.8),
('2025-01-16 06:00:00', NULL, NULL, NULL, 14200, 119.758234, 49.217345, 89, -89, 7.2),
('2025-01-16 08:00:00', NULL, NULL, NULL, 15800, 119.758345, 49.217456, 88, -92, 6.9),
('2025-01-16 10:00:00', NULL, NULL, NULL, 17500, 119.758456, 49.217567, 87, -95, 7.3),
('2025-01-16 12:00:00', NULL, NULL, NULL, 19000, 119.758567, 49.217678, 86, -88, 7.0),
('2025-01-16 14:00:00', NULL, NULL, NULL, 20200, 119.758678, 49.217789, 85, -91, 6.7),
('2025-01-16 16:00:00', NULL, NULL, NULL, 19600, 119.758567, 49.217678, 84, -94, 7.4),
('2025-01-16 18:00:00', NULL, NULL, NULL, 18200, 119.758456, 49.217567, 83, -89, 7.1),
('2025-01-16 20:00:00', NULL, NULL, NULL, 16800, 119.758345, 49.217456, 82, -92, 6.8),
('2025-01-16 22:00:00', NULL, NULL, NULL, 15400, 119.758234, 49.217345, 81, -95, 7.2);

-- 为追踪器DEV-TRK-002生成测试数据 (低电量设备)
INSERT INTO telemetry_dev_trk_002 VALUES 
('2025-01-15 08:00:00', NULL, NULL, NULL, 8000, 119.765123, 49.223234, 25, -98, 5.2),
('2025-01-15 10:00:00', NULL, NULL, NULL, 8500, 119.765234, 49.223345, 24, -102, 4.8),
('2025-01-15 12:00:00', NULL, NULL, NULL, 9200, 119.765345, 49.223456, 23, -95, 5.5),
('2025-01-15 14:00:00', NULL, NULL, NULL, 9800, 119.765456, 49.223567, 22, -99, 5.1),
('2025-01-15 16:00:00', NULL, NULL, NULL, 9400, 119.765567, 49.223678, 21, -101, 4.9),
('2025-01-15 18:00:00', NULL, NULL, NULL, 8800, 119.765456, 49.223567, 20, -96, 5.3),
('2025-01-15 20:00:00', NULL, NULL, NULL, 8200, 119.765345, 49.223456, 19, -100, 5.0),
('2025-01-15 22:00:00', NULL, NULL, NULL, 7600, 119.765234, 49.223345, 18, -98, 4.7),
('2025-01-16 00:00:00', NULL, NULL, NULL, 7000, 119.765123, 49.223234, 17, -103, 5.4),
('2025-01-16 02:00:00', NULL, NULL, NULL, 6800, 119.765012, 49.223123, 16, -97, 5.1),
('2025-01-16 04:00:00', NULL, NULL, NULL, 7200, 119.765123, 49.223234, 15, -100, 4.8),
('2025-01-16 06:00:00', NULL, NULL, NULL, 7800, 119.765234, 49.223345, 14, -96, 5.2),
('2025-01-16 08:00:00', NULL, NULL, NULL, 8600, 119.765345, 49.223456, 13, -99, 4.9),
('2025-01-16 10:00:00', NULL, NULL, NULL, 9300, 119.765456, 49.223567, 12, -102, 5.3),
('2025-01-16 12:00:00', NULL, NULL, NULL, 10000, 119.765567, 49.223678, 11, -95, 5.0),
('2025-01-16 14:00:00', NULL, NULL, NULL, 10500, 119.765678, 49.223789, 10, -98, 4.7),
('2025-01-16 16:00:00', NULL, NULL, NULL, 10200, 119.765567, 49.223678, 9, -101, 5.4),
('2025-01-16 18:00:00', NULL, NULL, NULL, 9600, 119.765456, 49.223567, 8, -96, 5.1),
('2025-01-16 20:00:00', NULL, NULL, NULL, 8900, 119.765345, 49.223456, 7, -99, 4.8),
('2025-01-16 22:00:00', NULL, NULL, NULL, 8200, 119.765234, 49.223345, 6, -102, 5.2);

-- 为DEV-CAP-003生成少量数据 (未绑定设备)
INSERT INTO telemetry_dev_cap_003 VALUES 
('2025-01-15 08:00:00', 38.5, 0, 6.8, NULL, NULL, NULL, 100, -75, 9.2),
('2025-01-15 12:00:00', 38.4, 0, 6.9, NULL, NULL, NULL, 100, -78, 9.0),
('2025-01-15 18:00:00', 38.6, 0, 6.7, NULL, NULL, NULL, 100, -76, 9.1),
('2025-01-16 08:00:00', 38.5, 0, 6.8, NULL, NULL, NULL, 100, -77, 8.9),
('2025-01-16 18:00:00', 38.4, 0, 6.9, NULL, NULL, NULL, 100, -79, 9.0); 